<?xml version="1.0" encoding="UTF-8" ?>
<!-- This is a WordPress eXtended RSS file generated by WordPress as an export of your site. -->
<!-- It contains information about your site's posts, pages, comments, categories, and other content. -->
<!-- You may use this file to transfer that content from one site to another. -->
<!-- This file is not intended to serve as a complete backup of your site. -->

<!-- To import this information into a WordPress site follow these steps: -->
<!-- 1. Log in to that site as an administrator. -->
<!-- 2. Go to Tools: Import in the WordPress admin panel. -->
<!-- 3. Install the "WordPress" importer from the list. -->
<!-- 4. Activate & Run Importer. -->
<!-- 5. Upload this file using the form provided on that page. -->
<!-- 6. You will first be asked to map the authors in this export file to users -->
<!--    on the site. For each author, you may choose to map to an -->
<!--    existing user on the site or to create a new user. -->
<!-- 7. WordPress will then import each of the posts, pages, comments, categories, etc. -->
<!--    contained in this file into your site. -->

<!-- generator="WordPress/4.3.1" created="2015-11-26 06:44" -->
<rss version="2.0"
	xmlns:excerpt="http://wordpress.org/export/1.2/excerpt/"
	xmlns:content="http://purl.org/rss/1.0/modules/content/"
	xmlns:wfw="http://wellformedweb.org/CommentAPI/"
	xmlns:dc="http://purl.org/dc/elements/1.1/"
	xmlns:wp="http://wordpress.org/export/1.2/"
>

<channel>
	<title>Onetone App</title>
	<link>http://demo.mageewp.com/onetone-pro-demo-app</link>
	<description>Just another MageeWP Sites site</description>
	<pubDate>Thu, 26 Nov 2015 06:44:48 +0000</pubDate>
	<language>en-US</language>
	<wp:wxr_version>1.2</wp:wxr_version>
	<wp:base_site_url>http://demo.mageewp.com/</wp:base_site_url>
	<wp:base_blog_url>http://demo.mageewp.com/onetone-pro-demo-app</wp:base_blog_url>

	<wp:author><wp:author_id>23</wp:author_id><wp:author_login>magictheme</wp:author_login><wp:author_email>quanshijun@hodosoft.com</wp:author_email><wp:author_display_name><![CDATA[magictheme]]></wp:author_display_name><wp:author_first_name><![CDATA[]]></wp:author_first_name><wp:author_last_name><![CDATA[]]></wp:author_last_name></wp:author>
	<wp:author><wp:author_id>6894</wp:author_id><wp:author_login>liuxiali</wp:author_login><wp:author_email>liuxiali@hodosoft.com</wp:author_email><wp:author_display_name><![CDATA[liuxiali]]></wp:author_display_name><wp:author_first_name><![CDATA[]]></wp:author_first_name><wp:author_last_name><![CDATA[]]></wp:author_last_name></wp:author>

	<wp:category><wp:term_id>1</wp:term_id><wp:category_nicename>uncategorized</wp:category_nicename><wp:category_parent></wp:category_parent><wp:cat_name><![CDATA[Uncategorized]]></wp:cat_name></wp:category>

	<generator>http://wordpress.org/?v=4.3.1</generator>

	<item>
		<title>banner01</title>
		<link>http://demo.mageewp.com/onetone-pro-demo-app/?attachment_id=7</link>
		<pubDate>Thu, 19 Nov 2015 01:41:25 +0000</pubDate>
		<dc:creator><![CDATA[liuxiali]]></dc:creator>
		<guid isPermaLink="false">http://demo.mageewp.com/onetone-pro-demo-app/wp-content/uploads/sites/27/2015/11/banner01.jpg</guid>
		<description></description>
		<content:encoded><![CDATA[]]></content:encoded>
		<excerpt:encoded><![CDATA[]]></excerpt:encoded>
		<wp:post_id>7</wp:post_id>
		<wp:post_date>2015-11-19 01:41:25</wp:post_date>
		<wp:post_date_gmt>2015-11-19 01:41:25</wp:post_date_gmt>
		<wp:comment_status>open</wp:comment_status>
		<wp:ping_status>closed</wp:ping_status>
		<wp:post_name>banner01</wp:post_name>
		<wp:status>inherit</wp:status>
		<wp:post_parent>0</wp:post_parent>
		<wp:menu_order>0</wp:menu_order>
		<wp:post_type>attachment</wp:post_type>
		<wp:post_password></wp:post_password>
		<wp:is_sticky>0</wp:is_sticky>
		<wp:attachment_url>http://demo.mageewp.com/onetone-pro-demo-app/wp-content/uploads/sites/27/2015/11/banner01.jpg</wp:attachment_url>
		<wp:postmeta>
			<wp:meta_key>_wp_attached_file</wp:meta_key>
			<wp:meta_value><![CDATA[2015/11/banner01.jpg]]></wp:meta_value>
		</wp:postmeta>
		<wp:postmeta>
			<wp:meta_key>_wp_attachment_metadata</wp:meta_key>
			<wp:meta_value><![CDATA[a:5:{s:5:"width";i:1920;s:6:"height";i:800;s:4:"file";s:20:"2015/11/banner01.jpg";s:5:"sizes";a:3:{s:9:"thumbnail";a:4:{s:4:"file";s:20:"banner01-150x150.jpg";s:5:"width";i:150;s:6:"height";i:150;s:9:"mime-type";s:10:"image/jpeg";}s:6:"medium";a:4:{s:4:"file";s:20:"banner01-300x125.jpg";s:5:"width";i:300;s:6:"height";i:125;s:9:"mime-type";s:10:"image/jpeg";}s:5:"large";a:4:{s:4:"file";s:21:"banner01-1024x427.jpg";s:5:"width";i:1024;s:6:"height";i:427;s:9:"mime-type";s:10:"image/jpeg";}}s:10:"image_meta";a:11:{s:8:"aperture";i:0;s:6:"credit";s:0:"";s:6:"camera";s:0:"";s:7:"caption";s:0:"";s:17:"created_timestamp";i:0;s:9:"copyright";s:0:"";s:12:"focal_length";i:0;s:3:"iso";i:0;s:13:"shutter_speed";i:0;s:5:"title";s:0:"";s:11:"orientation";i:1;}}]]></wp:meta_value>
		</wp:postmeta>
	</item>
	<item>
		<title>logo</title>
		<link>http://demo.mageewp.com/onetone-pro-demo-app/?attachment_id=8</link>
		<pubDate>Thu, 19 Nov 2015 01:48:35 +0000</pubDate>
		<dc:creator><![CDATA[liuxiali]]></dc:creator>
		<guid isPermaLink="false">http://demo.mageewp.com/onetone-pro-demo-app/wp-content/uploads/sites/27/2015/11/logo.png</guid>
		<description></description>
		<content:encoded><![CDATA[]]></content:encoded>
		<excerpt:encoded><![CDATA[]]></excerpt:encoded>
		<wp:post_id>8</wp:post_id>
		<wp:post_date>2015-11-19 01:48:35</wp:post_date>
		<wp:post_date_gmt>2015-11-19 01:48:35</wp:post_date_gmt>
		<wp:comment_status>open</wp:comment_status>
		<wp:ping_status>closed</wp:ping_status>
		<wp:post_name>logo</wp:post_name>
		<wp:status>inherit</wp:status>
		<wp:post_parent>0</wp:post_parent>
		<wp:menu_order>0</wp:menu_order>
		<wp:post_type>attachment</wp:post_type>
		<wp:post_password></wp:post_password>
		<wp:is_sticky>0</wp:is_sticky>
		<wp:attachment_url>http://demo.mageewp.com/onetone-pro-demo-app/wp-content/uploads/sites/27/2015/11/logo.png</wp:attachment_url>
		<wp:postmeta>
			<wp:meta_key>_wp_attached_file</wp:meta_key>
			<wp:meta_value><![CDATA[2015/11/logo.png]]></wp:meta_value>
		</wp:postmeta>
		<wp:postmeta>
			<wp:meta_key>_wp_attachment_metadata</wp:meta_key>
			<wp:meta_value><![CDATA[a:5:{s:5:"width";i:200;s:6:"height";i:70;s:4:"file";s:16:"2015/11/logo.png";s:5:"sizes";a:1:{s:9:"thumbnail";a:4:{s:4:"file";s:15:"logo-150x70.png";s:5:"width";i:150;s:6:"height";i:70;s:9:"mime-type";s:9:"image/png";}}s:10:"image_meta";a:11:{s:8:"aperture";i:0;s:6:"credit";s:0:"";s:6:"camera";s:0:"";s:7:"caption";s:0:"";s:17:"created_timestamp";i:0;s:9:"copyright";s:0:"";s:12:"focal_length";i:0;s:3:"iso";i:0;s:13:"shutter_speed";i:0;s:5:"title";s:0:"";s:11:"orientation";i:0;}}]]></wp:meta_value>
		</wp:postmeta>
	</item>
	<item>
		<title>banner_phone</title>
		<link>http://demo.mageewp.com/onetone-pro-demo-app/?attachment_id=9</link>
		<pubDate>Thu, 19 Nov 2015 02:52:51 +0000</pubDate>
		<dc:creator><![CDATA[liuxiali]]></dc:creator>
		<guid isPermaLink="false">http://demo.mageewp.com/onetone-pro-demo-app/wp-content/uploads/sites/27/2015/11/banner_phone.png</guid>
		<description></description>
		<content:encoded><![CDATA[]]></content:encoded>
		<excerpt:encoded><![CDATA[]]></excerpt:encoded>
		<wp:post_id>9</wp:post_id>
		<wp:post_date>2015-11-19 02:52:51</wp:post_date>
		<wp:post_date_gmt>2015-11-19 02:52:51</wp:post_date_gmt>
		<wp:comment_status>open</wp:comment_status>
		<wp:ping_status>closed</wp:ping_status>
		<wp:post_name>banner_phone</wp:post_name>
		<wp:status>inherit</wp:status>
		<wp:post_parent>0</wp:post_parent>
		<wp:menu_order>0</wp:menu_order>
		<wp:post_type>attachment</wp:post_type>
		<wp:post_password></wp:post_password>
		<wp:is_sticky>0</wp:is_sticky>
		<wp:attachment_url>http://demo.mageewp.com/onetone-pro-demo-app/wp-content/uploads/sites/27/2015/11/banner_phone.png</wp:attachment_url>
		<wp:postmeta>
			<wp:meta_key>_wp_attached_file</wp:meta_key>
			<wp:meta_value><![CDATA[2015/11/banner_phone.png]]></wp:meta_value>
		</wp:postmeta>
		<wp:postmeta>
			<wp:meta_key>_wp_attachment_metadata</wp:meta_key>
			<wp:meta_value><![CDATA[a:5:{s:5:"width";i:452;s:6:"height";i:455;s:4:"file";s:24:"2015/11/banner_phone.png";s:5:"sizes";a:2:{s:9:"thumbnail";a:4:{s:4:"file";s:24:"banner_phone-150x150.png";s:5:"width";i:150;s:6:"height";i:150;s:9:"mime-type";s:9:"image/png";}s:6:"medium";a:4:{s:4:"file";s:24:"banner_phone-298x300.png";s:5:"width";i:298;s:6:"height";i:300;s:9:"mime-type";s:9:"image/png";}}s:10:"image_meta";a:11:{s:8:"aperture";i:0;s:6:"credit";s:0:"";s:6:"camera";s:0:"";s:7:"caption";s:0:"";s:17:"created_timestamp";i:0;s:9:"copyright";s:0:"";s:12:"focal_length";i:0;s:3:"iso";i:0;s:13:"shutter_speed";i:0;s:5:"title";s:0:"";s:11:"orientation";i:0;}}]]></wp:meta_value>
		</wp:postmeta>
	</item>
	<item>
		<title>phone_01</title>
		<link>http://demo.mageewp.com/onetone-pro-demo-app/?attachment_id=10</link>
		<pubDate>Thu, 19 Nov 2015 09:02:26 +0000</pubDate>
		<dc:creator><![CDATA[liuxiali]]></dc:creator>
		<guid isPermaLink="false">http://demo.mageewp.com/onetone-pro-demo-app/wp-content/uploads/sites/27/2015/11/phone_01.png</guid>
		<description></description>
		<content:encoded><![CDATA[]]></content:encoded>
		<excerpt:encoded><![CDATA[]]></excerpt:encoded>
		<wp:post_id>10</wp:post_id>
		<wp:post_date>2015-11-19 09:02:26</wp:post_date>
		<wp:post_date_gmt>2015-11-19 09:02:26</wp:post_date_gmt>
		<wp:comment_status>open</wp:comment_status>
		<wp:ping_status>closed</wp:ping_status>
		<wp:post_name>phone_01</wp:post_name>
		<wp:status>inherit</wp:status>
		<wp:post_parent>0</wp:post_parent>
		<wp:menu_order>0</wp:menu_order>
		<wp:post_type>attachment</wp:post_type>
		<wp:post_password></wp:post_password>
		<wp:is_sticky>0</wp:is_sticky>
		<wp:attachment_url>http://demo.mageewp.com/onetone-pro-demo-app/wp-content/uploads/sites/27/2015/11/phone_01.png</wp:attachment_url>
		<wp:postmeta>
			<wp:meta_key>_wp_attached_file</wp:meta_key>
			<wp:meta_value><![CDATA[2015/11/phone_01.png]]></wp:meta_value>
		</wp:postmeta>
		<wp:postmeta>
			<wp:meta_key>_wp_attachment_metadata</wp:meta_key>
			<wp:meta_value><![CDATA[a:5:{s:5:"width";i:225;s:6:"height";i:455;s:4:"file";s:20:"2015/11/phone_01.png";s:5:"sizes";a:2:{s:9:"thumbnail";a:4:{s:4:"file";s:20:"phone_01-150x150.png";s:5:"width";i:150;s:6:"height";i:150;s:9:"mime-type";s:9:"image/png";}s:6:"medium";a:4:{s:4:"file";s:20:"phone_01-148x300.png";s:5:"width";i:148;s:6:"height";i:300;s:9:"mime-type";s:9:"image/png";}}s:10:"image_meta";a:11:{s:8:"aperture";i:0;s:6:"credit";s:0:"";s:6:"camera";s:0:"";s:7:"caption";s:0:"";s:17:"created_timestamp";i:0;s:9:"copyright";s:0:"";s:12:"focal_length";i:0;s:3:"iso";i:0;s:13:"shutter_speed";i:0;s:5:"title";s:0:"";s:11:"orientation";i:0;}}]]></wp:meta_value>
		</wp:postmeta>
	</item>
	<item>
		<title>phone_02</title>
		<link>http://demo.mageewp.com/onetone-pro-demo-app/?attachment_id=13</link>
		<pubDate>Fri, 20 Nov 2015 01:09:35 +0000</pubDate>
		<dc:creator><![CDATA[liuxiali]]></dc:creator>
		<guid isPermaLink="false">http://demo.mageewp.com/onetone-pro-demo-app/wp-content/uploads/sites/27/2015/11/phone_02.png</guid>
		<description></description>
		<content:encoded><![CDATA[]]></content:encoded>
		<excerpt:encoded><![CDATA[]]></excerpt:encoded>
		<wp:post_id>13</wp:post_id>
		<wp:post_date>2015-11-20 01:09:35</wp:post_date>
		<wp:post_date_gmt>2015-11-20 01:09:35</wp:post_date_gmt>
		<wp:comment_status>open</wp:comment_status>
		<wp:ping_status>closed</wp:ping_status>
		<wp:post_name>phone_02</wp:post_name>
		<wp:status>inherit</wp:status>
		<wp:post_parent>0</wp:post_parent>
		<wp:menu_order>0</wp:menu_order>
		<wp:post_type>attachment</wp:post_type>
		<wp:post_password></wp:post_password>
		<wp:is_sticky>0</wp:is_sticky>
		<wp:attachment_url>http://demo.mageewp.com/onetone-pro-demo-app/wp-content/uploads/sites/27/2015/11/phone_02.png</wp:attachment_url>
		<wp:postmeta>
			<wp:meta_key>_wp_attached_file</wp:meta_key>
			<wp:meta_value><![CDATA[2015/11/phone_02.png]]></wp:meta_value>
		</wp:postmeta>
		<wp:postmeta>
			<wp:meta_key>_wp_attachment_metadata</wp:meta_key>
			<wp:meta_value><![CDATA[a:5:{s:5:"width";i:297;s:6:"height";i:409;s:4:"file";s:20:"2015/11/phone_02.png";s:5:"sizes";a:2:{s:9:"thumbnail";a:4:{s:4:"file";s:20:"phone_02-150x150.png";s:5:"width";i:150;s:6:"height";i:150;s:9:"mime-type";s:9:"image/png";}s:6:"medium";a:4:{s:4:"file";s:20:"phone_02-218x300.png";s:5:"width";i:218;s:6:"height";i:300;s:9:"mime-type";s:9:"image/png";}}s:10:"image_meta";a:11:{s:8:"aperture";i:0;s:6:"credit";s:0:"";s:6:"camera";s:0:"";s:7:"caption";s:0:"";s:17:"created_timestamp";i:0;s:9:"copyright";s:0:"";s:12:"focal_length";i:0;s:3:"iso";i:0;s:13:"shutter_speed";i:0;s:5:"title";s:0:"";s:11:"orientation";i:0;}}]]></wp:meta_value>
		</wp:postmeta>
	</item>
	<item>
		<title>pic01</title>
		<link>http://demo.mageewp.com/onetone-pro-demo-app/?attachment_id=14</link>
		<pubDate>Fri, 20 Nov 2015 02:07:53 +0000</pubDate>
		<dc:creator><![CDATA[liuxiali]]></dc:creator>
		<guid isPermaLink="false">http://demo.mageewp.com/onetone-pro-demo-app/wp-content/uploads/sites/27/2015/11/pic01.png</guid>
		<description></description>
		<content:encoded><![CDATA[]]></content:encoded>
		<excerpt:encoded><![CDATA[]]></excerpt:encoded>
		<wp:post_id>14</wp:post_id>
		<wp:post_date>2015-11-20 02:07:53</wp:post_date>
		<wp:post_date_gmt>2015-11-20 02:07:53</wp:post_date_gmt>
		<wp:comment_status>open</wp:comment_status>
		<wp:ping_status>closed</wp:ping_status>
		<wp:post_name>pic01</wp:post_name>
		<wp:status>inherit</wp:status>
		<wp:post_parent>0</wp:post_parent>
		<wp:menu_order>0</wp:menu_order>
		<wp:post_type>attachment</wp:post_type>
		<wp:post_password></wp:post_password>
		<wp:is_sticky>0</wp:is_sticky>
		<wp:attachment_url>http://demo.mageewp.com/onetone-pro-demo-app/wp-content/uploads/sites/27/2015/11/pic01.png</wp:attachment_url>
		<wp:postmeta>
			<wp:meta_key>_wp_attached_file</wp:meta_key>
			<wp:meta_value><![CDATA[2015/11/pic01.png]]></wp:meta_value>
		</wp:postmeta>
		<wp:postmeta>
			<wp:meta_key>_wp_attachment_metadata</wp:meta_key>
			<wp:meta_value><![CDATA[a:5:{s:5:"width";i:420;s:6:"height";i:412;s:4:"file";s:17:"2015/11/pic01.png";s:5:"sizes";a:2:{s:9:"thumbnail";a:4:{s:4:"file";s:17:"pic01-150x150.png";s:5:"width";i:150;s:6:"height";i:150;s:9:"mime-type";s:9:"image/png";}s:6:"medium";a:4:{s:4:"file";s:17:"pic01-300x294.png";s:5:"width";i:300;s:6:"height";i:294;s:9:"mime-type";s:9:"image/png";}}s:10:"image_meta";a:11:{s:8:"aperture";i:0;s:6:"credit";s:0:"";s:6:"camera";s:0:"";s:7:"caption";s:0:"";s:17:"created_timestamp";i:0;s:9:"copyright";s:0:"";s:12:"focal_length";i:0;s:3:"iso";i:0;s:13:"shutter_speed";i:0;s:5:"title";s:0:"";s:11:"orientation";i:0;}}]]></wp:meta_value>
		</wp:postmeta>
	</item>
	<item>
		<title>pic01.2</title>
		<link>http://demo.mageewp.com/onetone-pro-demo-app/?attachment_id=15</link>
		<pubDate>Fri, 20 Nov 2015 02:15:39 +0000</pubDate>
		<dc:creator><![CDATA[liuxiali]]></dc:creator>
		<guid isPermaLink="false">http://demo.mageewp.com/onetone-pro-demo-app/wp-content/uploads/sites/27/2015/11/pic01.2.png</guid>
		<description></description>
		<content:encoded><![CDATA[]]></content:encoded>
		<excerpt:encoded><![CDATA[]]></excerpt:encoded>
		<wp:post_id>15</wp:post_id>
		<wp:post_date>2015-11-20 02:15:39</wp:post_date>
		<wp:post_date_gmt>2015-11-20 02:15:39</wp:post_date_gmt>
		<wp:comment_status>open</wp:comment_status>
		<wp:ping_status>closed</wp:ping_status>
		<wp:post_name>pic01-2</wp:post_name>
		<wp:status>inherit</wp:status>
		<wp:post_parent>0</wp:post_parent>
		<wp:menu_order>0</wp:menu_order>
		<wp:post_type>attachment</wp:post_type>
		<wp:post_password></wp:post_password>
		<wp:is_sticky>0</wp:is_sticky>
		<wp:attachment_url>http://demo.mageewp.com/onetone-pro-demo-app/wp-content/uploads/sites/27/2015/11/pic01.2.png</wp:attachment_url>
		<wp:postmeta>
			<wp:meta_key>_wp_attached_file</wp:meta_key>
			<wp:meta_value><![CDATA[2015/11/pic01.2.png]]></wp:meta_value>
		</wp:postmeta>
		<wp:postmeta>
			<wp:meta_key>_wp_attachment_metadata</wp:meta_key>
			<wp:meta_value><![CDATA[a:5:{s:5:"width";i:420;s:6:"height";i:300;s:4:"file";s:19:"2015/11/pic01.2.png";s:5:"sizes";a:2:{s:9:"thumbnail";a:4:{s:4:"file";s:19:"pic01.2-150x150.png";s:5:"width";i:150;s:6:"height";i:150;s:9:"mime-type";s:9:"image/png";}s:6:"medium";a:4:{s:4:"file";s:19:"pic01.2-300x214.png";s:5:"width";i:300;s:6:"height";i:214;s:9:"mime-type";s:9:"image/png";}}s:10:"image_meta";a:11:{s:8:"aperture";i:0;s:6:"credit";s:0:"";s:6:"camera";s:0:"";s:7:"caption";s:0:"";s:17:"created_timestamp";i:0;s:9:"copyright";s:0:"";s:12:"focal_length";i:0;s:3:"iso";i:0;s:13:"shutter_speed";i:0;s:5:"title";s:0:"";s:11:"orientation";i:0;}}]]></wp:meta_value>
		</wp:postmeta>
	</item>
	<item>
		<title>phone_03y</title>
		<link>http://demo.mageewp.com/onetone-pro-demo-app/?attachment_id=16</link>
		<pubDate>Fri, 20 Nov 2015 02:20:32 +0000</pubDate>
		<dc:creator><![CDATA[liuxiali]]></dc:creator>
		<guid isPermaLink="false">http://demo.mageewp.com/onetone-pro-demo-app/wp-content/uploads/sites/27/2015/11/phone_03y.png</guid>
		<description></description>
		<content:encoded><![CDATA[]]></content:encoded>
		<excerpt:encoded><![CDATA[]]></excerpt:encoded>
		<wp:post_id>16</wp:post_id>
		<wp:post_date>2015-11-20 02:20:32</wp:post_date>
		<wp:post_date_gmt>2015-11-20 02:20:32</wp:post_date_gmt>
		<wp:comment_status>open</wp:comment_status>
		<wp:ping_status>closed</wp:ping_status>
		<wp:post_name>phone_03y</wp:post_name>
		<wp:status>inherit</wp:status>
		<wp:post_parent>0</wp:post_parent>
		<wp:menu_order>0</wp:menu_order>
		<wp:post_type>attachment</wp:post_type>
		<wp:post_password></wp:post_password>
		<wp:is_sticky>0</wp:is_sticky>
		<wp:attachment_url>http://demo.mageewp.com/onetone-pro-demo-app/wp-content/uploads/sites/27/2015/11/phone_03y.png</wp:attachment_url>
		<wp:postmeta>
			<wp:meta_key>_wp_attached_file</wp:meta_key>
			<wp:meta_value><![CDATA[2015/11/phone_03y.png]]></wp:meta_value>
		</wp:postmeta>
		<wp:postmeta>
			<wp:meta_key>_wp_attachment_metadata</wp:meta_key>
			<wp:meta_value><![CDATA[a:5:{s:5:"width";i:326;s:6:"height";i:450;s:4:"file";s:21:"2015/11/phone_03y.png";s:5:"sizes";a:2:{s:9:"thumbnail";a:4:{s:4:"file";s:21:"phone_03y-150x150.png";s:5:"width";i:150;s:6:"height";i:150;s:9:"mime-type";s:9:"image/png";}s:6:"medium";a:4:{s:4:"file";s:21:"phone_03y-217x300.png";s:5:"width";i:217;s:6:"height";i:300;s:9:"mime-type";s:9:"image/png";}}s:10:"image_meta";a:11:{s:8:"aperture";i:0;s:6:"credit";s:0:"";s:6:"camera";s:0:"";s:7:"caption";s:0:"";s:17:"created_timestamp";i:0;s:9:"copyright";s:0:"";s:12:"focal_length";i:0;s:3:"iso";i:0;s:13:"shutter_speed";i:0;s:5:"title";s:0:"";s:11:"orientation";i:0;}}]]></wp:meta_value>
		</wp:postmeta>
	</item>
	<item>
		<title>pic03</title>
		<link>http://demo.mageewp.com/onetone-pro-demo-app/?attachment_id=17</link>
		<pubDate>Fri, 20 Nov 2015 02:44:23 +0000</pubDate>
		<dc:creator><![CDATA[liuxiali]]></dc:creator>
		<guid isPermaLink="false">http://demo.mageewp.com/onetone-pro-demo-app/wp-content/uploads/sites/27/2015/11/pic03.png</guid>
		<description></description>
		<content:encoded><![CDATA[]]></content:encoded>
		<excerpt:encoded><![CDATA[]]></excerpt:encoded>
		<wp:post_id>17</wp:post_id>
		<wp:post_date>2015-11-20 02:44:23</wp:post_date>
		<wp:post_date_gmt>2015-11-20 02:44:23</wp:post_date_gmt>
		<wp:comment_status>open</wp:comment_status>
		<wp:ping_status>closed</wp:ping_status>
		<wp:post_name>pic03</wp:post_name>
		<wp:status>inherit</wp:status>
		<wp:post_parent>0</wp:post_parent>
		<wp:menu_order>0</wp:menu_order>
		<wp:post_type>attachment</wp:post_type>
		<wp:post_password></wp:post_password>
		<wp:is_sticky>0</wp:is_sticky>
		<wp:attachment_url>http://demo.mageewp.com/onetone-pro-demo-app/wp-content/uploads/sites/27/2015/11/pic03.png</wp:attachment_url>
		<wp:postmeta>
			<wp:meta_key>_wp_attached_file</wp:meta_key>
			<wp:meta_value><![CDATA[2015/11/pic03.png]]></wp:meta_value>
		</wp:postmeta>
		<wp:postmeta>
			<wp:meta_key>_wp_attachment_metadata</wp:meta_key>
			<wp:meta_value><![CDATA[a:5:{s:5:"width";i:162;s:6:"height";i:299;s:4:"file";s:17:"2015/11/pic03.png";s:5:"sizes";a:1:{s:9:"thumbnail";a:4:{s:4:"file";s:17:"pic03-150x150.png";s:5:"width";i:150;s:6:"height";i:150;s:9:"mime-type";s:9:"image/png";}}s:10:"image_meta";a:11:{s:8:"aperture";i:0;s:6:"credit";s:0:"";s:6:"camera";s:0:"";s:7:"caption";s:0:"";s:17:"created_timestamp";i:0;s:9:"copyright";s:0:"";s:12:"focal_length";i:0;s:3:"iso";i:0;s:13:"shutter_speed";i:0;s:5:"title";s:0:"";s:11:"orientation";i:0;}}]]></wp:meta_value>
		</wp:postmeta>
	</item>
	<item>
		<title>pic01.3</title>
		<link>http://demo.mageewp.com/onetone-pro-demo-app/?attachment_id=18</link>
		<pubDate>Fri, 20 Nov 2015 03:03:38 +0000</pubDate>
		<dc:creator><![CDATA[liuxiali]]></dc:creator>
		<guid isPermaLink="false">http://demo.mageewp.com/onetone-pro-demo-app/wp-content/uploads/sites/27/2015/11/pic01.3.png</guid>
		<description></description>
		<content:encoded><![CDATA[]]></content:encoded>
		<excerpt:encoded><![CDATA[]]></excerpt:encoded>
		<wp:post_id>18</wp:post_id>
		<wp:post_date>2015-11-20 03:03:38</wp:post_date>
		<wp:post_date_gmt>2015-11-20 03:03:38</wp:post_date_gmt>
		<wp:comment_status>open</wp:comment_status>
		<wp:ping_status>closed</wp:ping_status>
		<wp:post_name>pic01-3</wp:post_name>
		<wp:status>inherit</wp:status>
		<wp:post_parent>0</wp:post_parent>
		<wp:menu_order>0</wp:menu_order>
		<wp:post_type>attachment</wp:post_type>
		<wp:post_password></wp:post_password>
		<wp:is_sticky>0</wp:is_sticky>
		<wp:attachment_url>http://demo.mageewp.com/onetone-pro-demo-app/wp-content/uploads/sites/27/2015/11/pic01.3.png</wp:attachment_url>
		<wp:postmeta>
			<wp:meta_key>_wp_attached_file</wp:meta_key>
			<wp:meta_value><![CDATA[2015/11/pic01.3.png]]></wp:meta_value>
		</wp:postmeta>
		<wp:postmeta>
			<wp:meta_key>_wp_attachment_metadata</wp:meta_key>
			<wp:meta_value><![CDATA[a:5:{s:5:"width";i:420;s:6:"height";i:269;s:4:"file";s:19:"2015/11/pic01.3.png";s:5:"sizes";a:2:{s:9:"thumbnail";a:4:{s:4:"file";s:19:"pic01.3-150x150.png";s:5:"width";i:150;s:6:"height";i:150;s:9:"mime-type";s:9:"image/png";}s:6:"medium";a:4:{s:4:"file";s:19:"pic01.3-300x192.png";s:5:"width";i:300;s:6:"height";i:192;s:9:"mime-type";s:9:"image/png";}}s:10:"image_meta";a:11:{s:8:"aperture";i:0;s:6:"credit";s:0:"";s:6:"camera";s:0:"";s:7:"caption";s:0:"";s:17:"created_timestamp";i:0;s:9:"copyright";s:0:"";s:12:"focal_length";i:0;s:3:"iso";i:0;s:13:"shutter_speed";i:0;s:5:"title";s:0:"";s:11:"orientation";i:0;}}]]></wp:meta_value>
		</wp:postmeta>
	</item>
	<item>
		<title>pic02</title>
		<link>http://demo.mageewp.com/onetone-pro-demo-app/?attachment_id=19</link>
		<pubDate>Fri, 20 Nov 2015 03:03:48 +0000</pubDate>
		<dc:creator><![CDATA[liuxiali]]></dc:creator>
		<guid isPermaLink="false">http://demo.mageewp.com/onetone-pro-demo-app/wp-content/uploads/sites/27/2015/11/pic02.png</guid>
		<description></description>
		<content:encoded><![CDATA[]]></content:encoded>
		<excerpt:encoded><![CDATA[]]></excerpt:encoded>
		<wp:post_id>19</wp:post_id>
		<wp:post_date>2015-11-20 03:03:48</wp:post_date>
		<wp:post_date_gmt>2015-11-20 03:03:48</wp:post_date_gmt>
		<wp:comment_status>open</wp:comment_status>
		<wp:ping_status>closed</wp:ping_status>
		<wp:post_name>pic02</wp:post_name>
		<wp:status>inherit</wp:status>
		<wp:post_parent>0</wp:post_parent>
		<wp:menu_order>0</wp:menu_order>
		<wp:post_type>attachment</wp:post_type>
		<wp:post_password></wp:post_password>
		<wp:is_sticky>0</wp:is_sticky>
		<wp:attachment_url>http://demo.mageewp.com/onetone-pro-demo-app/wp-content/uploads/sites/27/2015/11/pic02.png</wp:attachment_url>
		<wp:postmeta>
			<wp:meta_key>_wp_attached_file</wp:meta_key>
			<wp:meta_value><![CDATA[2015/11/pic02.png]]></wp:meta_value>
		</wp:postmeta>
		<wp:postmeta>
			<wp:meta_key>_wp_attachment_metadata</wp:meta_key>
			<wp:meta_value><![CDATA[a:5:{s:5:"width";i:275;s:6:"height";i:269;s:4:"file";s:17:"2015/11/pic02.png";s:5:"sizes";a:1:{s:9:"thumbnail";a:4:{s:4:"file";s:17:"pic02-150x150.png";s:5:"width";i:150;s:6:"height";i:150;s:9:"mime-type";s:9:"image/png";}}s:10:"image_meta";a:11:{s:8:"aperture";i:0;s:6:"credit";s:0:"";s:6:"camera";s:0:"";s:7:"caption";s:0:"";s:17:"created_timestamp";i:0;s:9:"copyright";s:0:"";s:12:"focal_length";i:0;s:3:"iso";i:0;s:13:"shutter_speed";i:0;s:5:"title";s:0:"";s:11:"orientation";i:0;}}]]></wp:meta_value>
		</wp:postmeta>
	</item>
	<item>
		<title>02</title>
		<link>http://demo.mageewp.com/onetone-pro-demo-app/?attachment_id=20</link>
		<pubDate>Fri, 20 Nov 2015 05:47:20 +0000</pubDate>
		<dc:creator><![CDATA[liuxiali]]></dc:creator>
		<guid isPermaLink="false">http://demo.mageewp.com/onetone-pro-demo-app/wp-content/uploads/sites/27/2015/11/02.jpg</guid>
		<description></description>
		<content:encoded><![CDATA[]]></content:encoded>
		<excerpt:encoded><![CDATA[]]></excerpt:encoded>
		<wp:post_id>20</wp:post_id>
		<wp:post_date>2015-11-20 05:47:20</wp:post_date>
		<wp:post_date_gmt>2015-11-20 05:47:20</wp:post_date_gmt>
		<wp:comment_status>open</wp:comment_status>
		<wp:ping_status>closed</wp:ping_status>
		<wp:post_name>02</wp:post_name>
		<wp:status>inherit</wp:status>
		<wp:post_parent>0</wp:post_parent>
		<wp:menu_order>0</wp:menu_order>
		<wp:post_type>attachment</wp:post_type>
		<wp:post_password></wp:post_password>
		<wp:is_sticky>0</wp:is_sticky>
		<wp:attachment_url>http://demo.mageewp.com/onetone-pro-demo-app/wp-content/uploads/sites/27/2015/11/02.jpg</wp:attachment_url>
		<wp:postmeta>
			<wp:meta_key>_wp_attached_file</wp:meta_key>
			<wp:meta_value><![CDATA[2015/11/02.jpg]]></wp:meta_value>
		</wp:postmeta>
		<wp:postmeta>
			<wp:meta_key>_wp_attachment_metadata</wp:meta_key>
			<wp:meta_value><![CDATA[a:5:{s:5:"width";i:1079;s:6:"height";i:1920;s:4:"file";s:14:"2015/11/02.jpg";s:5:"sizes";a:3:{s:9:"thumbnail";a:4:{s:4:"file";s:14:"02-150x150.jpg";s:5:"width";i:150;s:6:"height";i:150;s:9:"mime-type";s:10:"image/jpeg";}s:6:"medium";a:4:{s:4:"file";s:14:"02-169x300.jpg";s:5:"width";i:169;s:6:"height";i:300;s:9:"mime-type";s:10:"image/jpeg";}s:5:"large";a:4:{s:4:"file";s:15:"02-575x1024.jpg";s:5:"width";i:575;s:6:"height";i:1024;s:9:"mime-type";s:10:"image/jpeg";}}s:10:"image_meta";a:11:{s:8:"aperture";i:0;s:6:"credit";s:0:"";s:6:"camera";s:0:"";s:7:"caption";s:0:"";s:17:"created_timestamp";i:0;s:9:"copyright";s:0:"";s:12:"focal_length";i:0;s:3:"iso";i:0;s:13:"shutter_speed";i:0;s:5:"title";s:0:"";s:11:"orientation";i:1;}}]]></wp:meta_value>
		</wp:postmeta>
	</item>
	<item>
		<title>03</title>
		<link>http://demo.mageewp.com/onetone-pro-demo-app/?attachment_id=21</link>
		<pubDate>Fri, 20 Nov 2015 05:47:27 +0000</pubDate>
		<dc:creator><![CDATA[liuxiali]]></dc:creator>
		<guid isPermaLink="false">http://demo.mageewp.com/onetone-pro-demo-app/wp-content/uploads/sites/27/2015/11/03.jpg</guid>
		<description></description>
		<content:encoded><![CDATA[]]></content:encoded>
		<excerpt:encoded><![CDATA[]]></excerpt:encoded>
		<wp:post_id>21</wp:post_id>
		<wp:post_date>2015-11-20 05:47:27</wp:post_date>
		<wp:post_date_gmt>2015-11-20 05:47:27</wp:post_date_gmt>
		<wp:comment_status>open</wp:comment_status>
		<wp:ping_status>closed</wp:ping_status>
		<wp:post_name>03</wp:post_name>
		<wp:status>inherit</wp:status>
		<wp:post_parent>0</wp:post_parent>
		<wp:menu_order>0</wp:menu_order>
		<wp:post_type>attachment</wp:post_type>
		<wp:post_password></wp:post_password>
		<wp:is_sticky>0</wp:is_sticky>
		<wp:attachment_url>http://demo.mageewp.com/onetone-pro-demo-app/wp-content/uploads/sites/27/2015/11/03.jpg</wp:attachment_url>
		<wp:postmeta>
			<wp:meta_key>_wp_attached_file</wp:meta_key>
			<wp:meta_value><![CDATA[2015/11/03.jpg]]></wp:meta_value>
		</wp:postmeta>
		<wp:postmeta>
			<wp:meta_key>_wp_attachment_metadata</wp:meta_key>
			<wp:meta_value><![CDATA[a:5:{s:5:"width";i:1079;s:6:"height";i:1920;s:4:"file";s:14:"2015/11/03.jpg";s:5:"sizes";a:3:{s:9:"thumbnail";a:4:{s:4:"file";s:14:"03-150x150.jpg";s:5:"width";i:150;s:6:"height";i:150;s:9:"mime-type";s:10:"image/jpeg";}s:6:"medium";a:4:{s:4:"file";s:14:"03-169x300.jpg";s:5:"width";i:169;s:6:"height";i:300;s:9:"mime-type";s:10:"image/jpeg";}s:5:"large";a:4:{s:4:"file";s:15:"03-575x1024.jpg";s:5:"width";i:575;s:6:"height";i:1024;s:9:"mime-type";s:10:"image/jpeg";}}s:10:"image_meta";a:11:{s:8:"aperture";i:0;s:6:"credit";s:0:"";s:6:"camera";s:0:"";s:7:"caption";s:0:"";s:17:"created_timestamp";i:0;s:9:"copyright";s:0:"";s:12:"focal_length";i:0;s:3:"iso";i:0;s:13:"shutter_speed";i:0;s:5:"title";s:0:"";s:11:"orientation";i:1;}}]]></wp:meta_value>
		</wp:postmeta>
	</item>
	<item>
		<title>04</title>
		<link>http://demo.mageewp.com/onetone-pro-demo-app/?attachment_id=22</link>
		<pubDate>Fri, 20 Nov 2015 05:47:32 +0000</pubDate>
		<dc:creator><![CDATA[liuxiali]]></dc:creator>
		<guid isPermaLink="false">http://demo.mageewp.com/onetone-pro-demo-app/wp-content/uploads/sites/27/2015/11/04.jpg</guid>
		<description></description>
		<content:encoded><![CDATA[]]></content:encoded>
		<excerpt:encoded><![CDATA[]]></excerpt:encoded>
		<wp:post_id>22</wp:post_id>
		<wp:post_date>2015-11-20 05:47:32</wp:post_date>
		<wp:post_date_gmt>2015-11-20 05:47:32</wp:post_date_gmt>
		<wp:comment_status>open</wp:comment_status>
		<wp:ping_status>closed</wp:ping_status>
		<wp:post_name>04</wp:post_name>
		<wp:status>inherit</wp:status>
		<wp:post_parent>0</wp:post_parent>
		<wp:menu_order>0</wp:menu_order>
		<wp:post_type>attachment</wp:post_type>
		<wp:post_password></wp:post_password>
		<wp:is_sticky>0</wp:is_sticky>
		<wp:attachment_url>http://demo.mageewp.com/onetone-pro-demo-app/wp-content/uploads/sites/27/2015/11/04.jpg</wp:attachment_url>
		<wp:postmeta>
			<wp:meta_key>_wp_attached_file</wp:meta_key>
			<wp:meta_value><![CDATA[2015/11/04.jpg]]></wp:meta_value>
		</wp:postmeta>
		<wp:postmeta>
			<wp:meta_key>_wp_attachment_metadata</wp:meta_key>
			<wp:meta_value><![CDATA[a:5:{s:5:"width";i:1079;s:6:"height";i:1920;s:4:"file";s:14:"2015/11/04.jpg";s:5:"sizes";a:3:{s:9:"thumbnail";a:4:{s:4:"file";s:14:"04-150x150.jpg";s:5:"width";i:150;s:6:"height";i:150;s:9:"mime-type";s:10:"image/jpeg";}s:6:"medium";a:4:{s:4:"file";s:14:"04-169x300.jpg";s:5:"width";i:169;s:6:"height";i:300;s:9:"mime-type";s:10:"image/jpeg";}s:5:"large";a:4:{s:4:"file";s:15:"04-575x1024.jpg";s:5:"width";i:575;s:6:"height";i:1024;s:9:"mime-type";s:10:"image/jpeg";}}s:10:"image_meta";a:11:{s:8:"aperture";i:0;s:6:"credit";s:0:"";s:6:"camera";s:0:"";s:7:"caption";s:0:"";s:17:"created_timestamp";i:0;s:9:"copyright";s:0:"";s:12:"focal_length";i:0;s:3:"iso";i:0;s:13:"shutter_speed";i:0;s:5:"title";s:0:"";s:11:"orientation";i:1;}}]]></wp:meta_value>
		</wp:postmeta>
	</item>
	<item>
		<title>05</title>
		<link>http://demo.mageewp.com/onetone-pro-demo-app/?attachment_id=23</link>
		<pubDate>Fri, 20 Nov 2015 05:47:38 +0000</pubDate>
		<dc:creator><![CDATA[liuxiali]]></dc:creator>
		<guid isPermaLink="false">http://demo.mageewp.com/onetone-pro-demo-app/wp-content/uploads/sites/27/2015/11/05.jpg</guid>
		<description></description>
		<content:encoded><![CDATA[]]></content:encoded>
		<excerpt:encoded><![CDATA[]]></excerpt:encoded>
		<wp:post_id>23</wp:post_id>
		<wp:post_date>2015-11-20 05:47:38</wp:post_date>
		<wp:post_date_gmt>2015-11-20 05:47:38</wp:post_date_gmt>
		<wp:comment_status>open</wp:comment_status>
		<wp:ping_status>closed</wp:ping_status>
		<wp:post_name>05</wp:post_name>
		<wp:status>inherit</wp:status>
		<wp:post_parent>0</wp:post_parent>
		<wp:menu_order>0</wp:menu_order>
		<wp:post_type>attachment</wp:post_type>
		<wp:post_password></wp:post_password>
		<wp:is_sticky>0</wp:is_sticky>
		<wp:attachment_url>http://demo.mageewp.com/onetone-pro-demo-app/wp-content/uploads/sites/27/2015/11/05.jpg</wp:attachment_url>
		<wp:postmeta>
			<wp:meta_key>_wp_attached_file</wp:meta_key>
			<wp:meta_value><![CDATA[2015/11/05.jpg]]></wp:meta_value>
		</wp:postmeta>
		<wp:postmeta>
			<wp:meta_key>_wp_attachment_metadata</wp:meta_key>
			<wp:meta_value><![CDATA[a:5:{s:5:"width";i:1079;s:6:"height";i:1920;s:4:"file";s:14:"2015/11/05.jpg";s:5:"sizes";a:3:{s:9:"thumbnail";a:4:{s:4:"file";s:14:"05-150x150.jpg";s:5:"width";i:150;s:6:"height";i:150;s:9:"mime-type";s:10:"image/jpeg";}s:6:"medium";a:4:{s:4:"file";s:14:"05-169x300.jpg";s:5:"width";i:169;s:6:"height";i:300;s:9:"mime-type";s:10:"image/jpeg";}s:5:"large";a:4:{s:4:"file";s:15:"05-575x1024.jpg";s:5:"width";i:575;s:6:"height";i:1024;s:9:"mime-type";s:10:"image/jpeg";}}s:10:"image_meta";a:11:{s:8:"aperture";i:0;s:6:"credit";s:0:"";s:6:"camera";s:0:"";s:7:"caption";s:0:"";s:17:"created_timestamp";i:0;s:9:"copyright";s:0:"";s:12:"focal_length";i:0;s:3:"iso";i:0;s:13:"shutter_speed";i:0;s:5:"title";s:0:"";s:11:"orientation";i:1;}}]]></wp:meta_value>
		</wp:postmeta>
	</item>
	<item>
		<title>06</title>
		<link>http://demo.mageewp.com/onetone-pro-demo-app/?attachment_id=24</link>
		<pubDate>Fri, 20 Nov 2015 05:47:45 +0000</pubDate>
		<dc:creator><![CDATA[liuxiali]]></dc:creator>
		<guid isPermaLink="false">http://demo.mageewp.com/onetone-pro-demo-app/wp-content/uploads/sites/27/2015/11/06.jpg</guid>
		<description></description>
		<content:encoded><![CDATA[]]></content:encoded>
		<excerpt:encoded><![CDATA[]]></excerpt:encoded>
		<wp:post_id>24</wp:post_id>
		<wp:post_date>2015-11-20 05:47:45</wp:post_date>
		<wp:post_date_gmt>2015-11-20 05:47:45</wp:post_date_gmt>
		<wp:comment_status>open</wp:comment_status>
		<wp:ping_status>closed</wp:ping_status>
		<wp:post_name>06</wp:post_name>
		<wp:status>inherit</wp:status>
		<wp:post_parent>0</wp:post_parent>
		<wp:menu_order>0</wp:menu_order>
		<wp:post_type>attachment</wp:post_type>
		<wp:post_password></wp:post_password>
		<wp:is_sticky>0</wp:is_sticky>
		<wp:attachment_url>http://demo.mageewp.com/onetone-pro-demo-app/wp-content/uploads/sites/27/2015/11/06.jpg</wp:attachment_url>
		<wp:postmeta>
			<wp:meta_key>_wp_attached_file</wp:meta_key>
			<wp:meta_value><![CDATA[2015/11/06.jpg]]></wp:meta_value>
		</wp:postmeta>
		<wp:postmeta>
			<wp:meta_key>_wp_attachment_metadata</wp:meta_key>
			<wp:meta_value><![CDATA[a:5:{s:5:"width";i:1079;s:6:"height";i:1920;s:4:"file";s:14:"2015/11/06.jpg";s:5:"sizes";a:3:{s:9:"thumbnail";a:4:{s:4:"file";s:14:"06-150x150.jpg";s:5:"width";i:150;s:6:"height";i:150;s:9:"mime-type";s:10:"image/jpeg";}s:6:"medium";a:4:{s:4:"file";s:14:"06-169x300.jpg";s:5:"width";i:169;s:6:"height";i:300;s:9:"mime-type";s:10:"image/jpeg";}s:5:"large";a:4:{s:4:"file";s:15:"06-575x1024.jpg";s:5:"width";i:575;s:6:"height";i:1024;s:9:"mime-type";s:10:"image/jpeg";}}s:10:"image_meta";a:11:{s:8:"aperture";i:0;s:6:"credit";s:0:"";s:6:"camera";s:0:"";s:7:"caption";s:0:"";s:17:"created_timestamp";i:0;s:9:"copyright";s:0:"";s:12:"focal_length";i:0;s:3:"iso";i:0;s:13:"shutter_speed";i:0;s:5:"title";s:0:"";s:11:"orientation";i:1;}}]]></wp:meta_value>
		</wp:postmeta>
	</item>
	<item>
		<title>07</title>
		<link>http://demo.mageewp.com/onetone-pro-demo-app/?attachment_id=25</link>
		<pubDate>Fri, 20 Nov 2015 05:47:51 +0000</pubDate>
		<dc:creator><![CDATA[liuxiali]]></dc:creator>
		<guid isPermaLink="false">http://demo.mageewp.com/onetone-pro-demo-app/wp-content/uploads/sites/27/2015/11/07.jpg</guid>
		<description></description>
		<content:encoded><![CDATA[]]></content:encoded>
		<excerpt:encoded><![CDATA[]]></excerpt:encoded>
		<wp:post_id>25</wp:post_id>
		<wp:post_date>2015-11-20 05:47:51</wp:post_date>
		<wp:post_date_gmt>2015-11-20 05:47:51</wp:post_date_gmt>
		<wp:comment_status>open</wp:comment_status>
		<wp:ping_status>closed</wp:ping_status>
		<wp:post_name>07</wp:post_name>
		<wp:status>inherit</wp:status>
		<wp:post_parent>0</wp:post_parent>
		<wp:menu_order>0</wp:menu_order>
		<wp:post_type>attachment</wp:post_type>
		<wp:post_password></wp:post_password>
		<wp:is_sticky>0</wp:is_sticky>
		<wp:attachment_url>http://demo.mageewp.com/onetone-pro-demo-app/wp-content/uploads/sites/27/2015/11/07.jpg</wp:attachment_url>
		<wp:postmeta>
			<wp:meta_key>_wp_attached_file</wp:meta_key>
			<wp:meta_value><![CDATA[2015/11/07.jpg]]></wp:meta_value>
		</wp:postmeta>
		<wp:postmeta>
			<wp:meta_key>_wp_attachment_metadata</wp:meta_key>
			<wp:meta_value><![CDATA[a:5:{s:5:"width";i:1079;s:6:"height";i:1920;s:4:"file";s:14:"2015/11/07.jpg";s:5:"sizes";a:3:{s:9:"thumbnail";a:4:{s:4:"file";s:14:"07-150x150.jpg";s:5:"width";i:150;s:6:"height";i:150;s:9:"mime-type";s:10:"image/jpeg";}s:6:"medium";a:4:{s:4:"file";s:14:"07-169x300.jpg";s:5:"width";i:169;s:6:"height";i:300;s:9:"mime-type";s:10:"image/jpeg";}s:5:"large";a:4:{s:4:"file";s:15:"07-575x1024.jpg";s:5:"width";i:575;s:6:"height";i:1024;s:9:"mime-type";s:10:"image/jpeg";}}s:10:"image_meta";a:11:{s:8:"aperture";i:0;s:6:"credit";s:0:"";s:6:"camera";s:0:"";s:7:"caption";s:0:"";s:17:"created_timestamp";i:0;s:9:"copyright";s:0:"";s:12:"focal_length";i:0;s:3:"iso";i:0;s:13:"shutter_speed";i:0;s:5:"title";s:0:"";s:11:"orientation";i:1;}}]]></wp:meta_value>
		</wp:postmeta>
	</item>
	<item>
		<title>08</title>
		<link>http://demo.mageewp.com/onetone-pro-demo-app/?attachment_id=26</link>
		<pubDate>Fri, 20 Nov 2015 05:47:56 +0000</pubDate>
		<dc:creator><![CDATA[liuxiali]]></dc:creator>
		<guid isPermaLink="false">http://demo.mageewp.com/onetone-pro-demo-app/wp-content/uploads/sites/27/2015/11/08.jpg</guid>
		<description></description>
		<content:encoded><![CDATA[]]></content:encoded>
		<excerpt:encoded><![CDATA[]]></excerpt:encoded>
		<wp:post_id>26</wp:post_id>
		<wp:post_date>2015-11-20 05:47:56</wp:post_date>
		<wp:post_date_gmt>2015-11-20 05:47:56</wp:post_date_gmt>
		<wp:comment_status>open</wp:comment_status>
		<wp:ping_status>closed</wp:ping_status>
		<wp:post_name>08</wp:post_name>
		<wp:status>inherit</wp:status>
		<wp:post_parent>0</wp:post_parent>
		<wp:menu_order>0</wp:menu_order>
		<wp:post_type>attachment</wp:post_type>
		<wp:post_password></wp:post_password>
		<wp:is_sticky>0</wp:is_sticky>
		<wp:attachment_url>http://demo.mageewp.com/onetone-pro-demo-app/wp-content/uploads/sites/27/2015/11/08.jpg</wp:attachment_url>
		<wp:postmeta>
			<wp:meta_key>_wp_attached_file</wp:meta_key>
			<wp:meta_value><![CDATA[2015/11/08.jpg]]></wp:meta_value>
		</wp:postmeta>
		<wp:postmeta>
			<wp:meta_key>_wp_attachment_metadata</wp:meta_key>
			<wp:meta_value><![CDATA[a:5:{s:5:"width";i:1079;s:6:"height";i:1920;s:4:"file";s:14:"2015/11/08.jpg";s:5:"sizes";a:3:{s:9:"thumbnail";a:4:{s:4:"file";s:14:"08-150x150.jpg";s:5:"width";i:150;s:6:"height";i:150;s:9:"mime-type";s:10:"image/jpeg";}s:6:"medium";a:4:{s:4:"file";s:14:"08-169x300.jpg";s:5:"width";i:169;s:6:"height";i:300;s:9:"mime-type";s:10:"image/jpeg";}s:5:"large";a:4:{s:4:"file";s:15:"08-575x1024.jpg";s:5:"width";i:575;s:6:"height";i:1024;s:9:"mime-type";s:10:"image/jpeg";}}s:10:"image_meta";a:11:{s:8:"aperture";i:0;s:6:"credit";s:0:"";s:6:"camera";s:0:"";s:7:"caption";s:0:"";s:17:"created_timestamp";i:0;s:9:"copyright";s:0:"";s:12:"focal_length";i:0;s:3:"iso";i:0;s:13:"shutter_speed";i:0;s:5:"title";s:0:"";s:11:"orientation";i:1;}}]]></wp:meta_value>
		</wp:postmeta>
	</item>
	<item>
		<title>01y</title>
		<link>http://demo.mageewp.com/onetone-pro-demo-app/?attachment_id=27</link>
		<pubDate>Fri, 20 Nov 2015 05:57:03 +0000</pubDate>
		<dc:creator><![CDATA[liuxiali]]></dc:creator>
		<guid isPermaLink="false">http://demo.mageewp.com/onetone-pro-demo-app/wp-content/uploads/sites/27/2015/11/01y.jpg</guid>
		<description></description>
		<content:encoded><![CDATA[]]></content:encoded>
		<excerpt:encoded><![CDATA[]]></excerpt:encoded>
		<wp:post_id>27</wp:post_id>
		<wp:post_date>2015-11-20 05:57:03</wp:post_date>
		<wp:post_date_gmt>2015-11-20 05:57:03</wp:post_date_gmt>
		<wp:comment_status>open</wp:comment_status>
		<wp:ping_status>closed</wp:ping_status>
		<wp:post_name>01y</wp:post_name>
		<wp:status>inherit</wp:status>
		<wp:post_parent>0</wp:post_parent>
		<wp:menu_order>0</wp:menu_order>
		<wp:post_type>attachment</wp:post_type>
		<wp:post_password></wp:post_password>
		<wp:is_sticky>0</wp:is_sticky>
		<wp:attachment_url>http://demo.mageewp.com/onetone-pro-demo-app/wp-content/uploads/sites/27/2015/11/01y.jpg</wp:attachment_url>
		<wp:postmeta>
			<wp:meta_key>_wp_attached_file</wp:meta_key>
			<wp:meta_value><![CDATA[2015/11/01y.jpg]]></wp:meta_value>
		</wp:postmeta>
		<wp:postmeta>
			<wp:meta_key>_wp_attachment_metadata</wp:meta_key>
			<wp:meta_value><![CDATA[a:5:{s:5:"width";i:1079;s:6:"height";i:1920;s:4:"file";s:15:"2015/11/01y.jpg";s:5:"sizes";a:3:{s:9:"thumbnail";a:4:{s:4:"file";s:15:"01y-150x150.jpg";s:5:"width";i:150;s:6:"height";i:150;s:9:"mime-type";s:10:"image/jpeg";}s:6:"medium";a:4:{s:4:"file";s:15:"01y-169x300.jpg";s:5:"width";i:169;s:6:"height";i:300;s:9:"mime-type";s:10:"image/jpeg";}s:5:"large";a:4:{s:4:"file";s:16:"01y-575x1024.jpg";s:5:"width";i:575;s:6:"height";i:1024;s:9:"mime-type";s:10:"image/jpeg";}}s:10:"image_meta";a:11:{s:8:"aperture";i:0;s:6:"credit";s:0:"";s:6:"camera";s:0:"";s:7:"caption";s:0:"";s:17:"created_timestamp";i:0;s:9:"copyright";s:0:"";s:12:"focal_length";i:0;s:3:"iso";i:0;s:13:"shutter_speed";i:0;s:5:"title";s:0:"";s:11:"orientation";i:0;}}]]></wp:meta_value>
		</wp:postmeta>
	</item>
	<item>
		<title>BANNER03</title>
		<link>http://demo.mageewp.com/onetone-pro-demo-app/?attachment_id=47</link>
		<pubDate>Mon, 23 Nov 2015 06:45:31 +0000</pubDate>
		<dc:creator><![CDATA[liuxiali]]></dc:creator>
		<guid isPermaLink="false">http://demo.mageewp.com/onetone-pro-demo-app/wp-content/uploads/sites/27/2015/11/BANNER03.jpg</guid>
		<description></description>
		<content:encoded><![CDATA[]]></content:encoded>
		<excerpt:encoded><![CDATA[]]></excerpt:encoded>
		<wp:post_id>47</wp:post_id>
		<wp:post_date>2015-11-23 06:45:31</wp:post_date>
		<wp:post_date_gmt>2015-11-23 06:45:31</wp:post_date_gmt>
		<wp:comment_status>open</wp:comment_status>
		<wp:ping_status>closed</wp:ping_status>
		<wp:post_name>banner03</wp:post_name>
		<wp:status>inherit</wp:status>
		<wp:post_parent>0</wp:post_parent>
		<wp:menu_order>0</wp:menu_order>
		<wp:post_type>attachment</wp:post_type>
		<wp:post_password></wp:post_password>
		<wp:is_sticky>0</wp:is_sticky>
		<wp:attachment_url>http://demo.mageewp.com/onetone-pro-demo-app/wp-content/uploads/sites/27/2015/11/BANNER03.jpg</wp:attachment_url>
		<wp:postmeta>
			<wp:meta_key>_wp_attached_file</wp:meta_key>
			<wp:meta_value><![CDATA[2015/11/BANNER03.jpg]]></wp:meta_value>
		</wp:postmeta>
		<wp:postmeta>
			<wp:meta_key>_wp_attachment_metadata</wp:meta_key>
			<wp:meta_value><![CDATA[a:5:{s:5:"width";i:1920;s:6:"height";i:1280;s:4:"file";s:20:"2015/11/BANNER03.jpg";s:5:"sizes";a:3:{s:9:"thumbnail";a:4:{s:4:"file";s:20:"BANNER03-150x150.jpg";s:5:"width";i:150;s:6:"height";i:150;s:9:"mime-type";s:10:"image/jpeg";}s:6:"medium";a:4:{s:4:"file";s:20:"BANNER03-300x200.jpg";s:5:"width";i:300;s:6:"height";i:200;s:9:"mime-type";s:10:"image/jpeg";}s:5:"large";a:4:{s:4:"file";s:21:"BANNER03-1024x683.jpg";s:5:"width";i:1024;s:6:"height";i:683;s:9:"mime-type";s:10:"image/jpeg";}}s:10:"image_meta";a:11:{s:8:"aperture";i:0;s:6:"credit";s:0:"";s:6:"camera";s:0:"";s:7:"caption";s:0:"";s:17:"created_timestamp";i:0;s:9:"copyright";s:0:"";s:12:"focal_length";i:0;s:3:"iso";i:0;s:13:"shutter_speed";i:0;s:5:"title";s:0:"";s:11:"orientation";i:0;}}]]></wp:meta_value>
		</wp:postmeta>
	</item>
	<item>
		<title>Hello world!</title>
		<link>http://demo.mageewp.com/onetone-pro-demo-app/2015/11/18/hello-world/</link>
		<pubDate>Wed, 18 Nov 2015 00:55:30 +0000</pubDate>
		<dc:creator><![CDATA[magictheme]]></dc:creator>
		<guid isPermaLink="false">http://demo.mageewp.com/onetone-pro-demo-app/?p=1</guid>
		<description></description>
		<content:encoded><![CDATA[Welcome to <a href="http://demo.mageewp.com/">MageeWP Sites</a>. This is your first post. Edit or delete it, then start blogging!]]></content:encoded>
		<excerpt:encoded><![CDATA[]]></excerpt:encoded>
		<wp:post_id>1</wp:post_id>
		<wp:post_date>2015-11-18 00:55:30</wp:post_date>
		<wp:post_date_gmt>2015-11-18 00:55:30</wp:post_date_gmt>
		<wp:comment_status>open</wp:comment_status>
		<wp:ping_status>open</wp:ping_status>
		<wp:post_name>hello-world</wp:post_name>
		<wp:status>publish</wp:status>
		<wp:post_parent>0</wp:post_parent>
		<wp:menu_order>0</wp:menu_order>
		<wp:post_type>post</wp:post_type>
		<wp:post_password></wp:post_password>
		<wp:is_sticky>0</wp:is_sticky>
		<category domain="category" nicename="uncategorized"><![CDATA[Uncategorized]]></category>
		<wp:comment>
			<wp:comment_id>1</wp:comment_id>
			<wp:comment_author><![CDATA[]]></wp:comment_author>
			<wp:comment_author_email></wp:comment_author_email>
			<wp:comment_author_url></wp:comment_author_url>
			<wp:comment_author_IP></wp:comment_author_IP>
			<wp:comment_date>2015-11-18 00:55:30</wp:comment_date>
			<wp:comment_date_gmt>2015-11-18 00:55:30</wp:comment_date_gmt>
			<wp:comment_content><![CDATA[]]></wp:comment_content>
			<wp:comment_approved>1</wp:comment_approved>
			<wp:comment_type></wp:comment_type>
			<wp:comment_parent>0</wp:comment_parent>
			<wp:comment_user_id>0</wp:comment_user_id>
		</wp:comment>
	</item>
	<item>
		<title>Sample Page</title>
		<link>http://demo.mageewp.com/onetone-pro-demo-app/sample-page/</link>
		<pubDate>Wed, 18 Nov 2015 00:55:30 +0000</pubDate>
		<dc:creator><![CDATA[magictheme]]></dc:creator>
		<guid isPermaLink="false">http://demo.mageewp.com/onetone-pro-demo-app/?page_id=2</guid>
		<description></description>
		<content:encoded><![CDATA[]]></content:encoded>
		<excerpt:encoded><![CDATA[]]></excerpt:encoded>
		<wp:post_id>2</wp:post_id>
		<wp:post_date>2015-11-18 00:55:30</wp:post_date>
		<wp:post_date_gmt>2015-11-18 00:55:30</wp:post_date_gmt>
		<wp:comment_status>closed</wp:comment_status>
		<wp:ping_status>open</wp:ping_status>
		<wp:post_name>sample-page</wp:post_name>
		<wp:status>publish</wp:status>
		<wp:post_parent>0</wp:post_parent>
		<wp:menu_order>0</wp:menu_order>
		<wp:post_type>page</wp:post_type>
		<wp:post_password></wp:post_password>
		<wp:is_sticky>0</wp:is_sticky>
		<wp:postmeta>
			<wp:meta_key>_wp_page_template</wp:meta_key>
			<wp:meta_value><![CDATA[default]]></wp:meta_value>
		</wp:postmeta>
		<wp:postmeta>
			<wp:meta_key>_onetone_post_meta</wp:meta_key>
			<wp:meta_value><![CDATA[{"header_position":"top","full_width":"no","padding_top":"50px","padding_bottom":"50px","display_breadcrumb":"","nav_menu":"","page_layout":"none","left_sidebar":"","right_sidebar":"","slider_banner":"0","banner_position":"1","magee_slider":"","display_title":"yes","display_title_bar":"no"}]]></wp:meta_value>
		</wp:postmeta>
	</item>
	<item>
		<title>1</title>
		<link>http://demo.mageewp.com/onetone-pro-demo-app/portfolio/1/</link>
		<pubDate>Fri, 20 Nov 2015 06:10:50 +0000</pubDate>
		<dc:creator><![CDATA[liuxiali]]></dc:creator>
		<guid isPermaLink="false">http://demo.mageewp.com/onetone-pro-demo-app/?post_type=portfolio&#038;p=28</guid>
		<description></description>
		<content:encoded><![CDATA[1]]></content:encoded>
		<excerpt:encoded><![CDATA[]]></excerpt:encoded>
		<wp:post_id>28</wp:post_id>
		<wp:post_date>2015-11-20 06:10:50</wp:post_date>
		<wp:post_date_gmt>2015-11-20 06:10:50</wp:post_date_gmt>
		<wp:comment_status>open</wp:comment_status>
		<wp:ping_status>closed</wp:ping_status>
		<wp:post_name>1</wp:post_name>
		<wp:status>publish</wp:status>
		<wp:post_parent>0</wp:post_parent>
		<wp:menu_order>0</wp:menu_order>
		<wp:post_type>portfolio</wp:post_type>
		<wp:post_password></wp:post_password>
		<wp:is_sticky>0</wp:is_sticky>
		<wp:postmeta>
			<wp:meta_key>onetone_temp_metadata</wp:meta_key>
			<wp:meta_value><![CDATA[27,26,25,24,23,22,21,20]]></wp:meta_value>
		</wp:postmeta>
		<wp:postmeta>
			<wp:meta_key>_thumbnail_id</wp:meta_key>
			<wp:meta_value><![CDATA[27]]></wp:meta_value>
		</wp:postmeta>
		<wp:postmeta>
			<wp:meta_key>_edit_last</wp:meta_key>
			<wp:meta_value><![CDATA[6894]]></wp:meta_value>
		</wp:postmeta>
		<wp:postmeta>
			<wp:meta_key>onetone_perm_metadata</wp:meta_key>
			<wp:meta_value><![CDATA[27,26,25,24,23,22,21,20]]></wp:meta_value>
		</wp:postmeta>
	</item>
	<item>
		<title>2</title>
		<link>http://demo.mageewp.com/onetone-pro-demo-app/portfolio/2/</link>
		<pubDate>Fri, 20 Nov 2015 06:12:21 +0000</pubDate>
		<dc:creator><![CDATA[liuxiali]]></dc:creator>
		<guid isPermaLink="false">http://demo.mageewp.com/onetone-pro-demo-app/?post_type=portfolio&#038;p=30</guid>
		<description></description>
		<content:encoded><![CDATA[2]]></content:encoded>
		<excerpt:encoded><![CDATA[]]></excerpt:encoded>
		<wp:post_id>30</wp:post_id>
		<wp:post_date>2015-11-20 06:12:21</wp:post_date>
		<wp:post_date_gmt>2015-11-20 06:12:21</wp:post_date_gmt>
		<wp:comment_status>open</wp:comment_status>
		<wp:ping_status>closed</wp:ping_status>
		<wp:post_name>2</wp:post_name>
		<wp:status>publish</wp:status>
		<wp:post_parent>0</wp:post_parent>
		<wp:menu_order>0</wp:menu_order>
		<wp:post_type>portfolio</wp:post_type>
		<wp:post_password></wp:post_password>
		<wp:is_sticky>0</wp:is_sticky>
		<wp:postmeta>
			<wp:meta_key>onetone_temp_metadata</wp:meta_key>
			<wp:meta_value><![CDATA[27,26,25,24,23,22,21,20]]></wp:meta_value>
		</wp:postmeta>
		<wp:postmeta>
			<wp:meta_key>_edit_last</wp:meta_key>
			<wp:meta_value><![CDATA[6894]]></wp:meta_value>
		</wp:postmeta>
		<wp:postmeta>
			<wp:meta_key>_thumbnail_id</wp:meta_key>
			<wp:meta_value><![CDATA[21]]></wp:meta_value>
		</wp:postmeta>
		<wp:postmeta>
			<wp:meta_key>onetone_perm_metadata</wp:meta_key>
			<wp:meta_value><![CDATA[27,26,25,24,23,22,21,20]]></wp:meta_value>
		</wp:postmeta>
	</item>
	<item>
		<title>,jnkhkj</title>
		<link>http://demo.mageewp.com/onetone-pro-demo-app/?page_id=39</link>
		<pubDate>Wed, 30 Nov -0001 00:00:00 +0000</pubDate>
		<dc:creator><![CDATA[liuxiali]]></dc:creator>
		<guid isPermaLink="false">http://demo.mageewp.com/onetone-pro-demo-app/?page_id=39</guid>
		<description></description>
		<content:encoded><![CDATA[bmbmbmb]]></content:encoded>
		<excerpt:encoded><![CDATA[]]></excerpt:encoded>
		<wp:post_id>39</wp:post_id>
		<wp:post_date>2015-11-20 07:15:12</wp:post_date>
		<wp:post_date_gmt>0000-00-00 00:00:00</wp:post_date_gmt>
		<wp:comment_status>closed</wp:comment_status>
		<wp:ping_status>closed</wp:ping_status>
		<wp:post_name></wp:post_name>
		<wp:status>draft</wp:status>
		<wp:post_parent>0</wp:post_parent>
		<wp:menu_order>0</wp:menu_order>
		<wp:post_type>page</wp:post_type>
		<wp:post_password></wp:post_password>
		<wp:is_sticky>0</wp:is_sticky>
		<wp:postmeta>
			<wp:meta_key>_edit_last</wp:meta_key>
			<wp:meta_value><![CDATA[6894]]></wp:meta_value>
		</wp:postmeta>
		<wp:postmeta>
			<wp:meta_key>_onetone_post_meta</wp:meta_key>
			<wp:meta_value><![CDATA[{"header_position":"top","full_width":"no","padding_top":"50px","padding_bottom":"50px","display_breadcrumb":"","nav_menu":"","page_layout":"none","left_sidebar":"","right_sidebar":"","slider_banner":"0","banner_position":"1","magee_slider":"","display_title":"yes","display_title_bar":"no"}]]></wp:meta_value>
		</wp:postmeta>
	</item>
	<item>
		<title>banner001</title>
		<link>http://demo.mageewp.com/onetone-pro-demo-app/?attachment_id=49</link>
		<pubDate>Mon, 23 Nov 2015 06:51:28 +0000</pubDate>
		<dc:creator><![CDATA[liuxiali]]></dc:creator>
		<guid isPermaLink="false">http://demo.mageewp.com/onetone-pro-demo-app/wp-content/uploads/sites/27/2015/11/banner0011.jpg</guid>
		<description></description>
		<content:encoded><![CDATA[]]></content:encoded>
		<excerpt:encoded><![CDATA[]]></excerpt:encoded>
		<wp:post_id>49</wp:post_id>
		<wp:post_date>2015-11-23 06:51:28</wp:post_date>
		<wp:post_date_gmt>2015-11-23 06:51:28</wp:post_date_gmt>
		<wp:comment_status>open</wp:comment_status>
		<wp:ping_status>closed</wp:ping_status>
		<wp:post_name>banner001-2</wp:post_name>
		<wp:status>inherit</wp:status>
		<wp:post_parent>0</wp:post_parent>
		<wp:menu_order>0</wp:menu_order>
		<wp:post_type>attachment</wp:post_type>
		<wp:post_password></wp:post_password>
		<wp:is_sticky>0</wp:is_sticky>
		<wp:attachment_url>http://demo.mageewp.com/onetone-pro-demo-app/wp-content/uploads/sites/27/2015/11/banner0011.jpg</wp:attachment_url>
		<wp:postmeta>
			<wp:meta_key>_wp_attached_file</wp:meta_key>
			<wp:meta_value><![CDATA[2015/11/banner0011.jpg]]></wp:meta_value>
		</wp:postmeta>
		<wp:postmeta>
			<wp:meta_key>_wp_attachment_metadata</wp:meta_key>
			<wp:meta_value><![CDATA[a:5:{s:5:"width";i:1920;s:6:"height";i:1280;s:4:"file";s:22:"2015/11/banner0011.jpg";s:5:"sizes";a:3:{s:9:"thumbnail";a:4:{s:4:"file";s:22:"banner0011-150x150.jpg";s:5:"width";i:150;s:6:"height";i:150;s:9:"mime-type";s:10:"image/jpeg";}s:6:"medium";a:4:{s:4:"file";s:22:"banner0011-300x200.jpg";s:5:"width";i:300;s:6:"height";i:200;s:9:"mime-type";s:10:"image/jpeg";}s:5:"large";a:4:{s:4:"file";s:23:"banner0011-1024x683.jpg";s:5:"width";i:1024;s:6:"height";i:683;s:9:"mime-type";s:10:"image/jpeg";}}s:10:"image_meta";a:11:{s:8:"aperture";i:0;s:6:"credit";s:0:"";s:6:"camera";s:0:"";s:7:"caption";s:0:"";s:17:"created_timestamp";i:0;s:9:"copyright";s:0:"";s:12:"focal_length";i:0;s:3:"iso";i:0;s:13:"shutter_speed";i:0;s:5:"title";s:0:"";s:11:"orientation";i:0;}}]]></wp:meta_value>
		</wp:postmeta>
	</item>
	<item>
		<title>logo2</title>
		<link>http://demo.mageewp.com/onetone-pro-demo-app/?attachment_id=50</link>
		<pubDate>Mon, 23 Nov 2015 07:22:59 +0000</pubDate>
		<dc:creator><![CDATA[liuxiali]]></dc:creator>
		<guid isPermaLink="false">http://demo.mageewp.com/onetone-pro-demo-app/wp-content/uploads/sites/27/2015/11/logo2.png</guid>
		<description></description>
		<content:encoded><![CDATA[]]></content:encoded>
		<excerpt:encoded><![CDATA[]]></excerpt:encoded>
		<wp:post_id>50</wp:post_id>
		<wp:post_date>2015-11-23 07:22:59</wp:post_date>
		<wp:post_date_gmt>2015-11-23 07:22:59</wp:post_date_gmt>
		<wp:comment_status>open</wp:comment_status>
		<wp:ping_status>closed</wp:ping_status>
		<wp:post_name>logo2</wp:post_name>
		<wp:status>inherit</wp:status>
		<wp:post_parent>0</wp:post_parent>
		<wp:menu_order>0</wp:menu_order>
		<wp:post_type>attachment</wp:post_type>
		<wp:post_password></wp:post_password>
		<wp:is_sticky>0</wp:is_sticky>
		<wp:attachment_url>http://demo.mageewp.com/onetone-pro-demo-app/wp-content/uploads/sites/27/2015/11/logo2.png</wp:attachment_url>
		<wp:postmeta>
			<wp:meta_key>_wp_attached_file</wp:meta_key>
			<wp:meta_value><![CDATA[2015/11/logo2.png]]></wp:meta_value>
		</wp:postmeta>
		<wp:postmeta>
			<wp:meta_key>_wp_attachment_metadata</wp:meta_key>
			<wp:meta_value><![CDATA[a:5:{s:5:"width";i:200;s:6:"height";i:70;s:4:"file";s:17:"2015/11/logo2.png";s:5:"sizes";a:1:{s:9:"thumbnail";a:4:{s:4:"file";s:16:"logo2-150x70.png";s:5:"width";i:150;s:6:"height";i:70;s:9:"mime-type";s:9:"image/png";}}s:10:"image_meta";a:11:{s:8:"aperture";i:0;s:6:"credit";s:0:"";s:6:"camera";s:0:"";s:7:"caption";s:0:"";s:17:"created_timestamp";i:0;s:9:"copyright";s:0:"";s:12:"focal_length";i:0;s:3:"iso";i:0;s:13:"shutter_speed";i:0;s:5:"title";s:0:"";s:11:"orientation";i:0;}}]]></wp:meta_value>
		</wp:postmeta>
	</item>
</channel>
</rss>
