<?xml version="1.0" encoding="UTF-8" ?>
<!-- This is a WordPress eXtended RSS file generated by WordPress as an export of your site. -->
<!-- It contains information about your site's posts, pages, comments, categories, and other content. -->
<!-- You may use this file to transfer that content from one site to another. -->
<!-- This file is not intended to serve as a complete backup of your site. -->

<!-- To import this information into a WordPress site follow these steps: -->
<!-- 1. Log in to that site as an administrator. -->
<!-- 2. Go to Tools: Import in the WordPress admin panel. -->
<!-- 3. Install the "WordPress" importer from the list. -->
<!-- 4. Activate & Run Importer. -->
<!-- 5. Upload this file using the form provided on that page. -->
<!-- 6. You will first be asked to map the authors in this export file to users -->
<!--    on the site. For each author, you may choose to map to an -->
<!--    existing user on the site or to create a new user. -->
<!-- 7. WordPress will then import each of the posts, pages, comments, categories, etc. -->
<!--    contained in this file into your site. -->

<!-- generator="WordPress/4.3.1" created="2015-12-01 06:38" -->
<rss version="2.0"
	xmlns:excerpt="http://wordpress.org/export/1.2/excerpt/"
	xmlns:content="http://purl.org/rss/1.0/modules/content/"
	xmlns:wfw="http://wellformedweb.org/CommentAPI/"
	xmlns:dc="http://purl.org/dc/elements/1.1/"
	xmlns:wp="http://wordpress.org/export/1.2/"
>

<channel>
	<title>Onetone Fashion</title>
	<link>https://demo.mageewp.com/onetone-pro-demo-fashion</link>
	<description>Just another MageeWP Sites site</description>
	<pubDate>Tue, 01 Dec 2015 06:38:37 +0000</pubDate>
	<language>en-US</language>
	<wp:wxr_version>1.2</wp:wxr_version>
	<wp:base_site_url>http://demo.mageewp.com/</wp:base_site_url>
	<wp:base_blog_url>https://demo.mageewp.com/onetone-pro-demo-fashion</wp:base_blog_url>

	<wp:author><wp:author_id>1</wp:author_id><wp:author_login>admin</wp:author_login><wp:author_email>support@mageewp.com</wp:author_email><wp:author_display_name><![CDATA[Magee]]></wp:author_display_name><wp:author_first_name><![CDATA[]]></wp:author_first_name><wp:author_last_name><![CDATA[]]></wp:author_last_name></wp:author>
	<wp:author><wp:author_id>23</wp:author_id><wp:author_login>magictheme</wp:author_login><wp:author_email>quanshijun@hodosoft.com</wp:author_email><wp:author_display_name><![CDATA[magictheme]]></wp:author_display_name><wp:author_first_name><![CDATA[]]></wp:author_first_name><wp:author_last_name><![CDATA[]]></wp:author_last_name></wp:author>
	<wp:author><wp:author_id>6894</wp:author_id><wp:author_login>liuxiali</wp:author_login><wp:author_email>liuxiali@hodosoft.com</wp:author_email><wp:author_display_name><![CDATA[liuxiali]]></wp:author_display_name><wp:author_first_name><![CDATA[]]></wp:author_first_name><wp:author_last_name><![CDATA[]]></wp:author_last_name></wp:author>

	<wp:category><wp:term_id>1</wp:term_id><wp:category_nicename>uncategorized</wp:category_nicename><wp:category_parent></wp:category_parent><wp:cat_name><![CDATA[Uncategorized]]></wp:cat_name></wp:category>
	<wp:term><wp:term_id>5</wp:term_id><wp:term_taxonomy>product_type</wp:term_taxonomy><wp:term_slug>external</wp:term_slug><wp:term_parent></wp:term_parent><wp:term_name><![CDATA[external]]></wp:term_name></wp:term>
	<wp:term><wp:term_id>3</wp:term_id><wp:term_taxonomy>product_type</wp:term_taxonomy><wp:term_slug>grouped</wp:term_slug><wp:term_parent></wp:term_parent><wp:term_name><![CDATA[grouped]]></wp:term_name></wp:term>
	<wp:term><wp:term_id>2</wp:term_id><wp:term_taxonomy>product_type</wp:term_taxonomy><wp:term_slug>simple</wp:term_slug><wp:term_parent></wp:term_parent><wp:term_name><![CDATA[simple]]></wp:term_name></wp:term>
	<wp:term><wp:term_id>4</wp:term_id><wp:term_taxonomy>product_type</wp:term_taxonomy><wp:term_slug>variable</wp:term_slug><wp:term_parent></wp:term_parent><wp:term_name><![CDATA[variable]]></wp:term_name></wp:term>

	<generator>http://wordpress.org/?v=4.3.1</generator>

	<item>
		<title>Sample Page</title>
		<link>https://demo.mageewp.com/onetone-pro-demo-fashion/sample-page/</link>
		<pubDate>Mon, 23 Nov 2015 08:33:54 +0000</pubDate>
		<dc:creator><![CDATA[magictheme]]></dc:creator>
		<guid isPermaLink="false">http://demo.mageewp.com/onetone-pro-demo-fashion/?page_id=2</guid>
		<description></description>
		<content:encoded><![CDATA[]]></content:encoded>
		<excerpt:encoded><![CDATA[]]></excerpt:encoded>
		<wp:post_id>2</wp:post_id>
		<wp:post_date>2015-11-23 08:33:54</wp:post_date>
		<wp:post_date_gmt>2015-11-23 08:33:54</wp:post_date_gmt>
		<wp:comment_status>closed</wp:comment_status>
		<wp:ping_status>open</wp:ping_status>
		<wp:post_name>sample-page</wp:post_name>
		<wp:status>publish</wp:status>
		<wp:post_parent>0</wp:post_parent>
		<wp:menu_order>0</wp:menu_order>
		<wp:post_type>page</wp:post_type>
		<wp:post_password></wp:post_password>
		<wp:is_sticky>0</wp:is_sticky>
		<wp:postmeta>
			<wp:meta_key>_wp_page_template</wp:meta_key>
			<wp:meta_value><![CDATA[default]]></wp:meta_value>
		</wp:postmeta>
	</item>
	<item>
		<title>Shop</title>
		<link>https://demo.mageewp.com/onetone-pro-demo-fashion/shop/</link>
		<pubDate>Mon, 23 Nov 2015 08:36:01 +0000</pubDate>
		<dc:creator><![CDATA[admin]]></dc:creator>
		<guid isPermaLink="false">http://demo.mageewp.com/onetone-pro-demo-fashion/shop/</guid>
		<description></description>
		<content:encoded><![CDATA[]]></content:encoded>
		<excerpt:encoded><![CDATA[]]></excerpt:encoded>
		<wp:post_id>4</wp:post_id>
		<wp:post_date>2015-11-23 08:36:01</wp:post_date>
		<wp:post_date_gmt>2015-11-23 08:36:01</wp:post_date_gmt>
		<wp:comment_status>closed</wp:comment_status>
		<wp:ping_status>closed</wp:ping_status>
		<wp:post_name>shop</wp:post_name>
		<wp:status>publish</wp:status>
		<wp:post_parent>0</wp:post_parent>
		<wp:menu_order>0</wp:menu_order>
		<wp:post_type>page</wp:post_type>
		<wp:post_password></wp:post_password>
		<wp:is_sticky>0</wp:is_sticky>
	</item>
	<item>
		<title>Cart</title>
		<link>https://demo.mageewp.com/onetone-pro-demo-fashion/cart/</link>
		<pubDate>Mon, 23 Nov 2015 08:36:01 +0000</pubDate>
		<dc:creator><![CDATA[admin]]></dc:creator>
		<guid isPermaLink="false">http://demo.mageewp.com/onetone-pro-demo-fashion/cart/</guid>
		<description></description>
		<content:encoded><![CDATA[[woocommerce_cart]]]></content:encoded>
		<excerpt:encoded><![CDATA[]]></excerpt:encoded>
		<wp:post_id>5</wp:post_id>
		<wp:post_date>2015-11-23 08:36:01</wp:post_date>
		<wp:post_date_gmt>2015-11-23 08:36:01</wp:post_date_gmt>
		<wp:comment_status>closed</wp:comment_status>
		<wp:ping_status>closed</wp:ping_status>
		<wp:post_name>cart</wp:post_name>
		<wp:status>publish</wp:status>
		<wp:post_parent>0</wp:post_parent>
		<wp:menu_order>0</wp:menu_order>
		<wp:post_type>page</wp:post_type>
		<wp:post_password></wp:post_password>
		<wp:is_sticky>0</wp:is_sticky>
	</item>
	<item>
		<title>Checkout</title>
		<link>https://demo.mageewp.com/onetone-pro-demo-fashion/checkout/</link>
		<pubDate>Mon, 23 Nov 2015 08:36:01 +0000</pubDate>
		<dc:creator><![CDATA[admin]]></dc:creator>
		<guid isPermaLink="false">http://demo.mageewp.com/onetone-pro-demo-fashion/checkout/</guid>
		<description></description>
		<content:encoded><![CDATA[[woocommerce_checkout]]]></content:encoded>
		<excerpt:encoded><![CDATA[]]></excerpt:encoded>
		<wp:post_id>6</wp:post_id>
		<wp:post_date>2015-11-23 08:36:01</wp:post_date>
		<wp:post_date_gmt>2015-11-23 08:36:01</wp:post_date_gmt>
		<wp:comment_status>closed</wp:comment_status>
		<wp:ping_status>closed</wp:ping_status>
		<wp:post_name>checkout</wp:post_name>
		<wp:status>publish</wp:status>
		<wp:post_parent>0</wp:post_parent>
		<wp:menu_order>0</wp:menu_order>
		<wp:post_type>page</wp:post_type>
		<wp:post_password></wp:post_password>
		<wp:is_sticky>0</wp:is_sticky>
	</item>
	<item>
		<title>My Account</title>
		<link>https://demo.mageewp.com/onetone-pro-demo-fashion/my-account/</link>
		<pubDate>Mon, 23 Nov 2015 08:36:01 +0000</pubDate>
		<dc:creator><![CDATA[admin]]></dc:creator>
		<guid isPermaLink="false">http://demo.mageewp.com/onetone-pro-demo-fashion/my-account/</guid>
		<description></description>
		<content:encoded><![CDATA[[woocommerce_my_account]]]></content:encoded>
		<excerpt:encoded><![CDATA[]]></excerpt:encoded>
		<wp:post_id>7</wp:post_id>
		<wp:post_date>2015-11-23 08:36:01</wp:post_date>
		<wp:post_date_gmt>2015-11-23 08:36:01</wp:post_date_gmt>
		<wp:comment_status>closed</wp:comment_status>
		<wp:ping_status>closed</wp:ping_status>
		<wp:post_name>my-account</wp:post_name>
		<wp:status>publish</wp:status>
		<wp:post_parent>0</wp:post_parent>
		<wp:menu_order>0</wp:menu_order>
		<wp:post_type>page</wp:post_type>
		<wp:post_password></wp:post_password>
		<wp:is_sticky>0</wp:is_sticky>
	</item>
	<item>
		<title>banner001</title>
		<link>https://demo.mageewp.com/onetone-pro-demo-fashion/?attachment_id=13</link>
		<pubDate>Wed, 25 Nov 2015 02:06:48 +0000</pubDate>
		<dc:creator><![CDATA[liuxiali]]></dc:creator>
		<guid isPermaLink="false">http://demo.mageewp.com/onetone-pro-demo-fashion/wp-content/uploads/sites/28/2015/11/banner001.jpg</guid>
		<description></description>
		<content:encoded><![CDATA[]]></content:encoded>
		<excerpt:encoded><![CDATA[]]></excerpt:encoded>
		<wp:post_id>13</wp:post_id>
		<wp:post_date>2015-11-25 02:06:48</wp:post_date>
		<wp:post_date_gmt>2015-11-25 02:06:48</wp:post_date_gmt>
		<wp:comment_status>open</wp:comment_status>
		<wp:ping_status>closed</wp:ping_status>
		<wp:post_name>banner001</wp:post_name>
		<wp:status>inherit</wp:status>
		<wp:post_parent>0</wp:post_parent>
		<wp:menu_order>0</wp:menu_order>
		<wp:post_type>attachment</wp:post_type>
		<wp:post_password></wp:post_password>
		<wp:is_sticky>0</wp:is_sticky>
		<wp:attachment_url>https://demo.mageewp.com/onetone-pro-demo-fashion/wp-content/uploads/sites/28/2015/11/banner001.jpg</wp:attachment_url>
		<wp:postmeta>
			<wp:meta_key>_wp_attached_file</wp:meta_key>
			<wp:meta_value><![CDATA[2015/11/banner001.jpg]]></wp:meta_value>
		</wp:postmeta>
		<wp:postmeta>
			<wp:meta_key>_wp_attachment_metadata</wp:meta_key>
			<wp:meta_value><![CDATA[a:5:{s:5:"width";i:1920;s:6:"height";i:1000;s:4:"file";s:21:"2015/11/banner001.jpg";s:5:"sizes";a:6:{s:9:"thumbnail";a:4:{s:4:"file";s:21:"banner001-150x150.jpg";s:5:"width";i:150;s:6:"height";i:150;s:9:"mime-type";s:10:"image/jpeg";}s:6:"medium";a:4:{s:4:"file";s:21:"banner001-300x156.jpg";s:5:"width";i:300;s:6:"height";i:156;s:9:"mime-type";s:10:"image/jpeg";}s:5:"large";a:4:{s:4:"file";s:22:"banner001-1024x533.jpg";s:5:"width";i:1024;s:6:"height";i:533;s:9:"mime-type";s:10:"image/jpeg";}s:14:"shop_thumbnail";a:4:{s:4:"file";s:21:"banner001-180x180.jpg";s:5:"width";i:180;s:6:"height";i:180;s:9:"mime-type";s:10:"image/jpeg";}s:12:"shop_catalog";a:4:{s:4:"file";s:21:"banner001-300x300.jpg";s:5:"width";i:300;s:6:"height";i:300;s:9:"mime-type";s:10:"image/jpeg";}s:11:"shop_single";a:4:{s:4:"file";s:21:"banner001-600x600.jpg";s:5:"width";i:600;s:6:"height";i:600;s:9:"mime-type";s:10:"image/jpeg";}}s:10:"image_meta";a:11:{s:8:"aperture";i:0;s:6:"credit";s:0:"";s:6:"camera";s:0:"";s:7:"caption";s:0:"";s:17:"created_timestamp";i:0;s:9:"copyright";s:0:"";s:12:"focal_length";i:0;s:3:"iso";i:0;s:13:"shutter_speed";i:0;s:5:"title";s:0:"";s:11:"orientation";i:1;}}]]></wp:meta_value>
		</wp:postmeta>
	</item>
	<item>
		<title>t3</title>
		<link>https://demo.mageewp.com/onetone-pro-demo-fashion/?attachment_id=16</link>
		<pubDate>Mon, 30 Nov 2015 01:11:31 +0000</pubDate>
		<dc:creator><![CDATA[liuxiali]]></dc:creator>
		<guid isPermaLink="false">https://demo.mageewp.com/onetone-pro-demo-fashion/wp-content/uploads/sites/28/2015/11/t31.jpg</guid>
		<description></description>
		<content:encoded><![CDATA[]]></content:encoded>
		<excerpt:encoded><![CDATA[]]></excerpt:encoded>
		<wp:post_id>16</wp:post_id>
		<wp:post_date>2015-11-30 01:11:31</wp:post_date>
		<wp:post_date_gmt>2015-11-30 01:11:31</wp:post_date_gmt>
		<wp:comment_status>open</wp:comment_status>
		<wp:ping_status>closed</wp:ping_status>
		<wp:post_name>t3</wp:post_name>
		<wp:status>inherit</wp:status>
		<wp:post_parent>0</wp:post_parent>
		<wp:menu_order>0</wp:menu_order>
		<wp:post_type>attachment</wp:post_type>
		<wp:post_password></wp:post_password>
		<wp:is_sticky>0</wp:is_sticky>
		<wp:attachment_url>https://demo.mageewp.com/onetone-pro-demo-fashion/wp-content/uploads/sites/28/2015/11/t31.jpg</wp:attachment_url>
		<wp:postmeta>
			<wp:meta_key>_wp_attached_file</wp:meta_key>
			<wp:meta_value><![CDATA[2015/11/t31.jpg]]></wp:meta_value>
		</wp:postmeta>
		<wp:postmeta>
			<wp:meta_key>_wp_attachment_metadata</wp:meta_key>
			<wp:meta_value><![CDATA[a:5:{s:5:"width";i:260;s:6:"height";i:300;s:4:"file";s:15:"2015/11/t31.jpg";s:5:"sizes";a:4:{s:9:"thumbnail";a:4:{s:4:"file";s:15:"t31-150x150.jpg";s:5:"width";i:150;s:6:"height";i:150;s:9:"mime-type";s:10:"image/jpeg";}s:6:"medium";a:4:{s:4:"file";s:15:"t31-260x300.jpg";s:5:"width";i:260;s:6:"height";i:300;s:9:"mime-type";s:10:"image/jpeg";}s:14:"shop_thumbnail";a:4:{s:4:"file";s:15:"t31-180x180.jpg";s:5:"width";i:180;s:6:"height";i:180;s:9:"mime-type";s:10:"image/jpeg";}s:12:"shop_catalog";a:4:{s:4:"file";s:15:"t31-260x300.jpg";s:5:"width";i:260;s:6:"height";i:300;s:9:"mime-type";s:10:"image/jpeg";}}s:10:"image_meta";a:11:{s:8:"aperture";i:0;s:6:"credit";s:0:"";s:6:"camera";s:0:"";s:7:"caption";s:0:"";s:17:"created_timestamp";i:0;s:9:"copyright";s:0:"";s:12:"focal_length";i:0;s:3:"iso";i:0;s:13:"shutter_speed";i:0;s:5:"title";s:0:"";s:11:"orientation";i:0;}}]]></wp:meta_value>
		</wp:postmeta>
	</item>
	<item>
		<title>t4</title>
		<link>https://demo.mageewp.com/onetone-pro-demo-fashion/?attachment_id=17</link>
		<pubDate>Mon, 30 Nov 2015 01:11:33 +0000</pubDate>
		<dc:creator><![CDATA[liuxiali]]></dc:creator>
		<guid isPermaLink="false">https://demo.mageewp.com/onetone-pro-demo-fashion/wp-content/uploads/sites/28/2015/11/t41.jpg</guid>
		<description></description>
		<content:encoded><![CDATA[]]></content:encoded>
		<excerpt:encoded><![CDATA[]]></excerpt:encoded>
		<wp:post_id>17</wp:post_id>
		<wp:post_date>2015-11-30 01:11:33</wp:post_date>
		<wp:post_date_gmt>2015-11-30 01:11:33</wp:post_date_gmt>
		<wp:comment_status>open</wp:comment_status>
		<wp:ping_status>closed</wp:ping_status>
		<wp:post_name>t4</wp:post_name>
		<wp:status>inherit</wp:status>
		<wp:post_parent>0</wp:post_parent>
		<wp:menu_order>0</wp:menu_order>
		<wp:post_type>attachment</wp:post_type>
		<wp:post_password></wp:post_password>
		<wp:is_sticky>0</wp:is_sticky>
		<wp:attachment_url>https://demo.mageewp.com/onetone-pro-demo-fashion/wp-content/uploads/sites/28/2015/11/t41.jpg</wp:attachment_url>
		<wp:postmeta>
			<wp:meta_key>_wp_attached_file</wp:meta_key>
			<wp:meta_value><![CDATA[2015/11/t41.jpg]]></wp:meta_value>
		</wp:postmeta>
		<wp:postmeta>
			<wp:meta_key>_wp_attachment_metadata</wp:meta_key>
			<wp:meta_value><![CDATA[a:5:{s:5:"width";i:260;s:6:"height";i:300;s:4:"file";s:15:"2015/11/t41.jpg";s:5:"sizes";a:4:{s:9:"thumbnail";a:4:{s:4:"file";s:15:"t41-150x150.jpg";s:5:"width";i:150;s:6:"height";i:150;s:9:"mime-type";s:10:"image/jpeg";}s:6:"medium";a:4:{s:4:"file";s:15:"t41-260x300.jpg";s:5:"width";i:260;s:6:"height";i:300;s:9:"mime-type";s:10:"image/jpeg";}s:14:"shop_thumbnail";a:4:{s:4:"file";s:15:"t41-180x180.jpg";s:5:"width";i:180;s:6:"height";i:180;s:9:"mime-type";s:10:"image/jpeg";}s:12:"shop_catalog";a:4:{s:4:"file";s:15:"t41-260x300.jpg";s:5:"width";i:260;s:6:"height";i:300;s:9:"mime-type";s:10:"image/jpeg";}}s:10:"image_meta";a:11:{s:8:"aperture";i:0;s:6:"credit";s:0:"";s:6:"camera";s:0:"";s:7:"caption";s:0:"";s:17:"created_timestamp";i:0;s:9:"copyright";s:0:"";s:12:"focal_length";i:0;s:3:"iso";i:0;s:13:"shutter_speed";i:0;s:5:"title";s:0:"";s:11:"orientation";i:0;}}]]></wp:meta_value>
		</wp:postmeta>
	</item>
	<item>
		<title>t1</title>
		<link>https://demo.mageewp.com/onetone-pro-demo-fashion/?attachment_id=18</link>
		<pubDate>Mon, 30 Nov 2015 01:11:33 +0000</pubDate>
		<dc:creator><![CDATA[liuxiali]]></dc:creator>
		<guid isPermaLink="false">https://demo.mageewp.com/onetone-pro-demo-fashion/wp-content/uploads/sites/28/2015/11/t11.jpg</guid>
		<description></description>
		<content:encoded><![CDATA[]]></content:encoded>
		<excerpt:encoded><![CDATA[]]></excerpt:encoded>
		<wp:post_id>18</wp:post_id>
		<wp:post_date>2015-11-30 01:11:33</wp:post_date>
		<wp:post_date_gmt>2015-11-30 01:11:33</wp:post_date_gmt>
		<wp:comment_status>open</wp:comment_status>
		<wp:ping_status>closed</wp:ping_status>
		<wp:post_name>t1</wp:post_name>
		<wp:status>inherit</wp:status>
		<wp:post_parent>0</wp:post_parent>
		<wp:menu_order>0</wp:menu_order>
		<wp:post_type>attachment</wp:post_type>
		<wp:post_password></wp:post_password>
		<wp:is_sticky>0</wp:is_sticky>
		<wp:attachment_url>https://demo.mageewp.com/onetone-pro-demo-fashion/wp-content/uploads/sites/28/2015/11/t11.jpg</wp:attachment_url>
		<wp:postmeta>
			<wp:meta_key>_wp_attached_file</wp:meta_key>
			<wp:meta_value><![CDATA[2015/11/t11.jpg]]></wp:meta_value>
		</wp:postmeta>
		<wp:postmeta>
			<wp:meta_key>_wp_attachment_metadata</wp:meta_key>
			<wp:meta_value><![CDATA[a:5:{s:5:"width";i:260;s:6:"height";i:300;s:4:"file";s:15:"2015/11/t11.jpg";s:5:"sizes";a:4:{s:9:"thumbnail";a:4:{s:4:"file";s:15:"t11-150x150.jpg";s:5:"width";i:150;s:6:"height";i:150;s:9:"mime-type";s:10:"image/jpeg";}s:6:"medium";a:4:{s:4:"file";s:15:"t11-260x300.jpg";s:5:"width";i:260;s:6:"height";i:300;s:9:"mime-type";s:10:"image/jpeg";}s:14:"shop_thumbnail";a:4:{s:4:"file";s:15:"t11-180x180.jpg";s:5:"width";i:180;s:6:"height";i:180;s:9:"mime-type";s:10:"image/jpeg";}s:12:"shop_catalog";a:4:{s:4:"file";s:15:"t11-260x300.jpg";s:5:"width";i:260;s:6:"height";i:300;s:9:"mime-type";s:10:"image/jpeg";}}s:10:"image_meta";a:11:{s:8:"aperture";i:0;s:6:"credit";s:0:"";s:6:"camera";s:0:"";s:7:"caption";s:0:"";s:17:"created_timestamp";i:0;s:9:"copyright";s:0:"";s:12:"focal_length";i:0;s:3:"iso";i:0;s:13:"shutter_speed";i:0;s:5:"title";s:0:"";s:11:"orientation";i:0;}}]]></wp:meta_value>
		</wp:postmeta>
	</item>
	<item>
		<title>t2</title>
		<link>https://demo.mageewp.com/onetone-pro-demo-fashion/?attachment_id=19</link>
		<pubDate>Mon, 30 Nov 2015 01:11:34 +0000</pubDate>
		<dc:creator><![CDATA[liuxiali]]></dc:creator>
		<guid isPermaLink="false">https://demo.mageewp.com/onetone-pro-demo-fashion/wp-content/uploads/sites/28/2015/11/t21.jpg</guid>
		<description></description>
		<content:encoded><![CDATA[]]></content:encoded>
		<excerpt:encoded><![CDATA[]]></excerpt:encoded>
		<wp:post_id>19</wp:post_id>
		<wp:post_date>2015-11-30 01:11:34</wp:post_date>
		<wp:post_date_gmt>2015-11-30 01:11:34</wp:post_date_gmt>
		<wp:comment_status>open</wp:comment_status>
		<wp:ping_status>closed</wp:ping_status>
		<wp:post_name>t2</wp:post_name>
		<wp:status>inherit</wp:status>
		<wp:post_parent>0</wp:post_parent>
		<wp:menu_order>0</wp:menu_order>
		<wp:post_type>attachment</wp:post_type>
		<wp:post_password></wp:post_password>
		<wp:is_sticky>0</wp:is_sticky>
		<wp:attachment_url>https://demo.mageewp.com/onetone-pro-demo-fashion/wp-content/uploads/sites/28/2015/11/t21.jpg</wp:attachment_url>
		<wp:postmeta>
			<wp:meta_key>_wp_attached_file</wp:meta_key>
			<wp:meta_value><![CDATA[2015/11/t21.jpg]]></wp:meta_value>
		</wp:postmeta>
		<wp:postmeta>
			<wp:meta_key>_wp_attachment_metadata</wp:meta_key>
			<wp:meta_value><![CDATA[a:5:{s:5:"width";i:260;s:6:"height";i:300;s:4:"file";s:15:"2015/11/t21.jpg";s:5:"sizes";a:4:{s:9:"thumbnail";a:4:{s:4:"file";s:15:"t21-150x150.jpg";s:5:"width";i:150;s:6:"height";i:150;s:9:"mime-type";s:10:"image/jpeg";}s:6:"medium";a:4:{s:4:"file";s:15:"t21-260x300.jpg";s:5:"width";i:260;s:6:"height";i:300;s:9:"mime-type";s:10:"image/jpeg";}s:14:"shop_thumbnail";a:4:{s:4:"file";s:15:"t21-180x180.jpg";s:5:"width";i:180;s:6:"height";i:180;s:9:"mime-type";s:10:"image/jpeg";}s:12:"shop_catalog";a:4:{s:4:"file";s:15:"t21-260x300.jpg";s:5:"width";i:260;s:6:"height";i:300;s:9:"mime-type";s:10:"image/jpeg";}}s:10:"image_meta";a:11:{s:8:"aperture";i:0;s:6:"credit";s:0:"";s:6:"camera";s:0:"";s:7:"caption";s:0:"";s:17:"created_timestamp";i:0;s:9:"copyright";s:0:"";s:12:"focal_length";i:0;s:3:"iso";i:0;s:13:"shutter_speed";i:0;s:5:"title";s:0:"";s:11:"orientation";i:0;}}]]></wp:meta_value>
		</wp:postmeta>
	</item>
	<item>
		<title>1</title>
		<link>https://demo.mageewp.com/onetone-pro-demo-fashion/portfolio/1/</link>
		<pubDate>Mon, 30 Nov 2015 01:25:01 +0000</pubDate>
		<dc:creator><![CDATA[liuxiali]]></dc:creator>
		<guid isPermaLink="false">https://demo.mageewp.com/onetone-pro-demo-fashion/?post_type=portfolio&#038;p=20</guid>
		<description></description>
		<content:encoded><![CDATA[q]]></content:encoded>
		<excerpt:encoded><![CDATA[]]></excerpt:encoded>
		<wp:post_id>20</wp:post_id>
		<wp:post_date>2015-11-30 01:25:01</wp:post_date>
		<wp:post_date_gmt>2015-11-30 01:25:01</wp:post_date_gmt>
		<wp:comment_status>open</wp:comment_status>
		<wp:ping_status>closed</wp:ping_status>
		<wp:post_name>1</wp:post_name>
		<wp:status>publish</wp:status>
		<wp:post_parent>0</wp:post_parent>
		<wp:menu_order>0</wp:menu_order>
		<wp:post_type>portfolio</wp:post_type>
		<wp:post_password></wp:post_password>
		<wp:is_sticky>0</wp:is_sticky>
		<wp:postmeta>
			<wp:meta_key>onetone_temp_metadata</wp:meta_key>
			<wp:meta_value><![CDATA[21,22,23,24,25,26]]></wp:meta_value>
		</wp:postmeta>
		<wp:postmeta>
			<wp:meta_key>_edit_last</wp:meta_key>
			<wp:meta_value><![CDATA[6894]]></wp:meta_value>
		</wp:postmeta>
		<wp:postmeta>
			<wp:meta_key>_thumbnail_id</wp:meta_key>
			<wp:meta_value><![CDATA[21]]></wp:meta_value>
		</wp:postmeta>
		<wp:postmeta>
			<wp:meta_key>slide_template</wp:meta_key>
			<wp:meta_value><![CDATA[default]]></wp:meta_value>
		</wp:postmeta>
		<wp:postmeta>
			<wp:meta_key>onetone_perm_metadata</wp:meta_key>
			<wp:meta_value><![CDATA[21,22,23,24,25,26]]></wp:meta_value>
		</wp:postmeta>
	</item>
	<item>
		<title>p1</title>
		<link>https://demo.mageewp.com/onetone-pro-demo-fashion/portfolio/1/p1/</link>
		<pubDate>Mon, 30 Nov 2015 01:24:20 +0000</pubDate>
		<dc:creator><![CDATA[liuxiali]]></dc:creator>
		<guid isPermaLink="false">https://demo.mageewp.com/onetone-pro-demo-fashion/wp-content/uploads/sites/28/2015/11/p11.jpg</guid>
		<description></description>
		<content:encoded><![CDATA[]]></content:encoded>
		<excerpt:encoded><![CDATA[]]></excerpt:encoded>
		<wp:post_id>21</wp:post_id>
		<wp:post_date>2015-11-30 01:24:20</wp:post_date>
		<wp:post_date_gmt>2015-11-30 01:24:20</wp:post_date_gmt>
		<wp:comment_status>open</wp:comment_status>
		<wp:ping_status>closed</wp:ping_status>
		<wp:post_name>p1</wp:post_name>
		<wp:status>inherit</wp:status>
		<wp:post_parent>20</wp:post_parent>
		<wp:menu_order>0</wp:menu_order>
		<wp:post_type>attachment</wp:post_type>
		<wp:post_password></wp:post_password>
		<wp:is_sticky>0</wp:is_sticky>
		<wp:attachment_url>https://demo.mageewp.com/onetone-pro-demo-fashion/wp-content/uploads/sites/28/2015/11/p11.jpg</wp:attachment_url>
		<wp:postmeta>
			<wp:meta_key>_wp_attached_file</wp:meta_key>
			<wp:meta_value><![CDATA[2015/11/p11.jpg]]></wp:meta_value>
		</wp:postmeta>
		<wp:postmeta>
			<wp:meta_key>_wp_attachment_metadata</wp:meta_key>
			<wp:meta_value><![CDATA[a:5:{s:5:"width";i:600;s:6:"height";i:460;s:4:"file";s:15:"2015/11/p11.jpg";s:5:"sizes";a:5:{s:9:"thumbnail";a:4:{s:4:"file";s:15:"p11-150x150.jpg";s:5:"width";i:150;s:6:"height";i:150;s:9:"mime-type";s:10:"image/jpeg";}s:6:"medium";a:4:{s:4:"file";s:15:"p11-300x230.jpg";s:5:"width";i:300;s:6:"height";i:230;s:9:"mime-type";s:10:"image/jpeg";}s:14:"shop_thumbnail";a:4:{s:4:"file";s:15:"p11-180x180.jpg";s:5:"width";i:180;s:6:"height";i:180;s:9:"mime-type";s:10:"image/jpeg";}s:12:"shop_catalog";a:4:{s:4:"file";s:15:"p11-300x300.jpg";s:5:"width";i:300;s:6:"height";i:300;s:9:"mime-type";s:10:"image/jpeg";}s:11:"shop_single";a:4:{s:4:"file";s:15:"p11-600x460.jpg";s:5:"width";i:600;s:6:"height";i:460;s:9:"mime-type";s:10:"image/jpeg";}}s:10:"image_meta";a:11:{s:8:"aperture";i:0;s:6:"credit";s:0:"";s:6:"camera";s:0:"";s:7:"caption";s:0:"";s:17:"created_timestamp";i:0;s:9:"copyright";s:0:"";s:12:"focal_length";i:0;s:3:"iso";i:0;s:13:"shutter_speed";i:0;s:5:"title";s:0:"";s:11:"orientation";i:0;}}]]></wp:meta_value>
		</wp:postmeta>
	</item>
	<item>
		<title>p6</title>
		<link>https://demo.mageewp.com/onetone-pro-demo-fashion/portfolio/1/p6/</link>
		<pubDate>Mon, 30 Nov 2015 01:24:45 +0000</pubDate>
		<dc:creator><![CDATA[liuxiali]]></dc:creator>
		<guid isPermaLink="false">https://demo.mageewp.com/onetone-pro-demo-fashion/wp-content/uploads/sites/28/2015/11/p61.jpg</guid>
		<description></description>
		<content:encoded><![CDATA[]]></content:encoded>
		<excerpt:encoded><![CDATA[]]></excerpt:encoded>
		<wp:post_id>22</wp:post_id>
		<wp:post_date>2015-11-30 01:24:45</wp:post_date>
		<wp:post_date_gmt>2015-11-30 01:24:45</wp:post_date_gmt>
		<wp:comment_status>open</wp:comment_status>
		<wp:ping_status>closed</wp:ping_status>
		<wp:post_name>p6</wp:post_name>
		<wp:status>inherit</wp:status>
		<wp:post_parent>20</wp:post_parent>
		<wp:menu_order>0</wp:menu_order>
		<wp:post_type>attachment</wp:post_type>
		<wp:post_password></wp:post_password>
		<wp:is_sticky>0</wp:is_sticky>
		<wp:attachment_url>https://demo.mageewp.com/onetone-pro-demo-fashion/wp-content/uploads/sites/28/2015/11/p61.jpg</wp:attachment_url>
		<wp:postmeta>
			<wp:meta_key>_wp_attached_file</wp:meta_key>
			<wp:meta_value><![CDATA[2015/11/p61.jpg]]></wp:meta_value>
		</wp:postmeta>
		<wp:postmeta>
			<wp:meta_key>_wp_attachment_metadata</wp:meta_key>
			<wp:meta_value><![CDATA[a:5:{s:5:"width";i:600;s:6:"height";i:460;s:4:"file";s:15:"2015/11/p61.jpg";s:5:"sizes";a:5:{s:9:"thumbnail";a:4:{s:4:"file";s:15:"p61-150x150.jpg";s:5:"width";i:150;s:6:"height";i:150;s:9:"mime-type";s:10:"image/jpeg";}s:6:"medium";a:4:{s:4:"file";s:15:"p61-300x230.jpg";s:5:"width";i:300;s:6:"height";i:230;s:9:"mime-type";s:10:"image/jpeg";}s:14:"shop_thumbnail";a:4:{s:4:"file";s:15:"p61-180x180.jpg";s:5:"width";i:180;s:6:"height";i:180;s:9:"mime-type";s:10:"image/jpeg";}s:12:"shop_catalog";a:4:{s:4:"file";s:15:"p61-300x300.jpg";s:5:"width";i:300;s:6:"height";i:300;s:9:"mime-type";s:10:"image/jpeg";}s:11:"shop_single";a:4:{s:4:"file";s:15:"p61-600x460.jpg";s:5:"width";i:600;s:6:"height";i:460;s:9:"mime-type";s:10:"image/jpeg";}}s:10:"image_meta";a:11:{s:8:"aperture";i:0;s:6:"credit";s:0:"";s:6:"camera";s:0:"";s:7:"caption";s:0:"";s:17:"created_timestamp";i:0;s:9:"copyright";s:0:"";s:12:"focal_length";i:0;s:3:"iso";i:0;s:13:"shutter_speed";i:0;s:5:"title";s:0:"";s:11:"orientation";i:0;}}]]></wp:meta_value>
		</wp:postmeta>
	</item>
	<item>
		<title>p2</title>
		<link>https://demo.mageewp.com/onetone-pro-demo-fashion/portfolio/1/p2/</link>
		<pubDate>Mon, 30 Nov 2015 01:24:47 +0000</pubDate>
		<dc:creator><![CDATA[liuxiali]]></dc:creator>
		<guid isPermaLink="false">https://demo.mageewp.com/onetone-pro-demo-fashion/wp-content/uploads/sites/28/2015/11/p21.jpg</guid>
		<description></description>
		<content:encoded><![CDATA[]]></content:encoded>
		<excerpt:encoded><![CDATA[]]></excerpt:encoded>
		<wp:post_id>23</wp:post_id>
		<wp:post_date>2015-11-30 01:24:47</wp:post_date>
		<wp:post_date_gmt>2015-11-30 01:24:47</wp:post_date_gmt>
		<wp:comment_status>open</wp:comment_status>
		<wp:ping_status>closed</wp:ping_status>
		<wp:post_name>p2</wp:post_name>
		<wp:status>inherit</wp:status>
		<wp:post_parent>20</wp:post_parent>
		<wp:menu_order>0</wp:menu_order>
		<wp:post_type>attachment</wp:post_type>
		<wp:post_password></wp:post_password>
		<wp:is_sticky>0</wp:is_sticky>
		<wp:attachment_url>https://demo.mageewp.com/onetone-pro-demo-fashion/wp-content/uploads/sites/28/2015/11/p21.jpg</wp:attachment_url>
		<wp:postmeta>
			<wp:meta_key>_wp_attached_file</wp:meta_key>
			<wp:meta_value><![CDATA[2015/11/p21.jpg]]></wp:meta_value>
		</wp:postmeta>
		<wp:postmeta>
			<wp:meta_key>_wp_attachment_metadata</wp:meta_key>
			<wp:meta_value><![CDATA[a:5:{s:5:"width";i:600;s:6:"height";i:460;s:4:"file";s:15:"2015/11/p21.jpg";s:5:"sizes";a:5:{s:9:"thumbnail";a:4:{s:4:"file";s:15:"p21-150x150.jpg";s:5:"width";i:150;s:6:"height";i:150;s:9:"mime-type";s:10:"image/jpeg";}s:6:"medium";a:4:{s:4:"file";s:15:"p21-300x230.jpg";s:5:"width";i:300;s:6:"height";i:230;s:9:"mime-type";s:10:"image/jpeg";}s:14:"shop_thumbnail";a:4:{s:4:"file";s:15:"p21-180x180.jpg";s:5:"width";i:180;s:6:"height";i:180;s:9:"mime-type";s:10:"image/jpeg";}s:12:"shop_catalog";a:4:{s:4:"file";s:15:"p21-300x300.jpg";s:5:"width";i:300;s:6:"height";i:300;s:9:"mime-type";s:10:"image/jpeg";}s:11:"shop_single";a:4:{s:4:"file";s:15:"p21-600x460.jpg";s:5:"width";i:600;s:6:"height";i:460;s:9:"mime-type";s:10:"image/jpeg";}}s:10:"image_meta";a:11:{s:8:"aperture";i:0;s:6:"credit";s:0:"";s:6:"camera";s:0:"";s:7:"caption";s:0:"";s:17:"created_timestamp";i:0;s:9:"copyright";s:0:"";s:12:"focal_length";i:0;s:3:"iso";i:0;s:13:"shutter_speed";i:0;s:5:"title";s:0:"";s:11:"orientation";i:0;}}]]></wp:meta_value>
		</wp:postmeta>
	</item>
	<item>
		<title>p3</title>
		<link>https://demo.mageewp.com/onetone-pro-demo-fashion/portfolio/1/p3/</link>
		<pubDate>Mon, 30 Nov 2015 01:24:49 +0000</pubDate>
		<dc:creator><![CDATA[liuxiali]]></dc:creator>
		<guid isPermaLink="false">https://demo.mageewp.com/onetone-pro-demo-fashion/wp-content/uploads/sites/28/2015/11/p31.jpg</guid>
		<description></description>
		<content:encoded><![CDATA[]]></content:encoded>
		<excerpt:encoded><![CDATA[]]></excerpt:encoded>
		<wp:post_id>24</wp:post_id>
		<wp:post_date>2015-11-30 01:24:49</wp:post_date>
		<wp:post_date_gmt>2015-11-30 01:24:49</wp:post_date_gmt>
		<wp:comment_status>open</wp:comment_status>
		<wp:ping_status>closed</wp:ping_status>
		<wp:post_name>p3</wp:post_name>
		<wp:status>inherit</wp:status>
		<wp:post_parent>20</wp:post_parent>
		<wp:menu_order>0</wp:menu_order>
		<wp:post_type>attachment</wp:post_type>
		<wp:post_password></wp:post_password>
		<wp:is_sticky>0</wp:is_sticky>
		<wp:attachment_url>https://demo.mageewp.com/onetone-pro-demo-fashion/wp-content/uploads/sites/28/2015/11/p31.jpg</wp:attachment_url>
		<wp:postmeta>
			<wp:meta_key>_wp_attached_file</wp:meta_key>
			<wp:meta_value><![CDATA[2015/11/p31.jpg]]></wp:meta_value>
		</wp:postmeta>
		<wp:postmeta>
			<wp:meta_key>_wp_attachment_metadata</wp:meta_key>
			<wp:meta_value><![CDATA[a:5:{s:5:"width";i:600;s:6:"height";i:460;s:4:"file";s:15:"2015/11/p31.jpg";s:5:"sizes";a:5:{s:9:"thumbnail";a:4:{s:4:"file";s:15:"p31-150x150.jpg";s:5:"width";i:150;s:6:"height";i:150;s:9:"mime-type";s:10:"image/jpeg";}s:6:"medium";a:4:{s:4:"file";s:15:"p31-300x230.jpg";s:5:"width";i:300;s:6:"height";i:230;s:9:"mime-type";s:10:"image/jpeg";}s:14:"shop_thumbnail";a:4:{s:4:"file";s:15:"p31-180x180.jpg";s:5:"width";i:180;s:6:"height";i:180;s:9:"mime-type";s:10:"image/jpeg";}s:12:"shop_catalog";a:4:{s:4:"file";s:15:"p31-300x300.jpg";s:5:"width";i:300;s:6:"height";i:300;s:9:"mime-type";s:10:"image/jpeg";}s:11:"shop_single";a:4:{s:4:"file";s:15:"p31-600x460.jpg";s:5:"width";i:600;s:6:"height";i:460;s:9:"mime-type";s:10:"image/jpeg";}}s:10:"image_meta";a:11:{s:8:"aperture";i:0;s:6:"credit";s:0:"";s:6:"camera";s:0:"";s:7:"caption";s:0:"";s:17:"created_timestamp";i:0;s:9:"copyright";s:0:"";s:12:"focal_length";i:0;s:3:"iso";i:0;s:13:"shutter_speed";i:0;s:5:"title";s:0:"";s:11:"orientation";i:0;}}]]></wp:meta_value>
		</wp:postmeta>
	</item>
	<item>
		<title>p4</title>
		<link>https://demo.mageewp.com/onetone-pro-demo-fashion/portfolio/1/p4/</link>
		<pubDate>Mon, 30 Nov 2015 01:24:50 +0000</pubDate>
		<dc:creator><![CDATA[liuxiali]]></dc:creator>
		<guid isPermaLink="false">https://demo.mageewp.com/onetone-pro-demo-fashion/wp-content/uploads/sites/28/2015/11/p41.jpg</guid>
		<description></description>
		<content:encoded><![CDATA[]]></content:encoded>
		<excerpt:encoded><![CDATA[]]></excerpt:encoded>
		<wp:post_id>25</wp:post_id>
		<wp:post_date>2015-11-30 01:24:50</wp:post_date>
		<wp:post_date_gmt>2015-11-30 01:24:50</wp:post_date_gmt>
		<wp:comment_status>open</wp:comment_status>
		<wp:ping_status>closed</wp:ping_status>
		<wp:post_name>p4</wp:post_name>
		<wp:status>inherit</wp:status>
		<wp:post_parent>20</wp:post_parent>
		<wp:menu_order>0</wp:menu_order>
		<wp:post_type>attachment</wp:post_type>
		<wp:post_password></wp:post_password>
		<wp:is_sticky>0</wp:is_sticky>
		<wp:attachment_url>https://demo.mageewp.com/onetone-pro-demo-fashion/wp-content/uploads/sites/28/2015/11/p41.jpg</wp:attachment_url>
		<wp:postmeta>
			<wp:meta_key>_wp_attached_file</wp:meta_key>
			<wp:meta_value><![CDATA[2015/11/p41.jpg]]></wp:meta_value>
		</wp:postmeta>
		<wp:postmeta>
			<wp:meta_key>_wp_attachment_metadata</wp:meta_key>
			<wp:meta_value><![CDATA[a:5:{s:5:"width";i:600;s:6:"height";i:460;s:4:"file";s:15:"2015/11/p41.jpg";s:5:"sizes";a:5:{s:9:"thumbnail";a:4:{s:4:"file";s:15:"p41-150x150.jpg";s:5:"width";i:150;s:6:"height";i:150;s:9:"mime-type";s:10:"image/jpeg";}s:6:"medium";a:4:{s:4:"file";s:15:"p41-300x230.jpg";s:5:"width";i:300;s:6:"height";i:230;s:9:"mime-type";s:10:"image/jpeg";}s:14:"shop_thumbnail";a:4:{s:4:"file";s:15:"p41-180x180.jpg";s:5:"width";i:180;s:6:"height";i:180;s:9:"mime-type";s:10:"image/jpeg";}s:12:"shop_catalog";a:4:{s:4:"file";s:15:"p41-300x300.jpg";s:5:"width";i:300;s:6:"height";i:300;s:9:"mime-type";s:10:"image/jpeg";}s:11:"shop_single";a:4:{s:4:"file";s:15:"p41-600x460.jpg";s:5:"width";i:600;s:6:"height";i:460;s:9:"mime-type";s:10:"image/jpeg";}}s:10:"image_meta";a:11:{s:8:"aperture";i:0;s:6:"credit";s:0:"";s:6:"camera";s:0:"";s:7:"caption";s:0:"";s:17:"created_timestamp";i:0;s:9:"copyright";s:0:"";s:12:"focal_length";i:0;s:3:"iso";i:0;s:13:"shutter_speed";i:0;s:5:"title";s:0:"";s:11:"orientation";i:0;}}]]></wp:meta_value>
		</wp:postmeta>
	</item>
	<item>
		<title>p5</title>
		<link>https://demo.mageewp.com/onetone-pro-demo-fashion/portfolio/1/p5/</link>
		<pubDate>Mon, 30 Nov 2015 01:24:51 +0000</pubDate>
		<dc:creator><![CDATA[liuxiali]]></dc:creator>
		<guid isPermaLink="false">https://demo.mageewp.com/onetone-pro-demo-fashion/wp-content/uploads/sites/28/2015/11/p51.jpg</guid>
		<description></description>
		<content:encoded><![CDATA[]]></content:encoded>
		<excerpt:encoded><![CDATA[]]></excerpt:encoded>
		<wp:post_id>26</wp:post_id>
		<wp:post_date>2015-11-30 01:24:51</wp:post_date>
		<wp:post_date_gmt>2015-11-30 01:24:51</wp:post_date_gmt>
		<wp:comment_status>open</wp:comment_status>
		<wp:ping_status>closed</wp:ping_status>
		<wp:post_name>p5</wp:post_name>
		<wp:status>inherit</wp:status>
		<wp:post_parent>20</wp:post_parent>
		<wp:menu_order>0</wp:menu_order>
		<wp:post_type>attachment</wp:post_type>
		<wp:post_password></wp:post_password>
		<wp:is_sticky>0</wp:is_sticky>
		<wp:attachment_url>https://demo.mageewp.com/onetone-pro-demo-fashion/wp-content/uploads/sites/28/2015/11/p51.jpg</wp:attachment_url>
		<wp:postmeta>
			<wp:meta_key>_wp_attached_file</wp:meta_key>
			<wp:meta_value><![CDATA[2015/11/p51.jpg]]></wp:meta_value>
		</wp:postmeta>
		<wp:postmeta>
			<wp:meta_key>_wp_attachment_metadata</wp:meta_key>
			<wp:meta_value><![CDATA[a:5:{s:5:"width";i:600;s:6:"height";i:460;s:4:"file";s:15:"2015/11/p51.jpg";s:5:"sizes";a:5:{s:9:"thumbnail";a:4:{s:4:"file";s:15:"p51-150x150.jpg";s:5:"width";i:150;s:6:"height";i:150;s:9:"mime-type";s:10:"image/jpeg";}s:6:"medium";a:4:{s:4:"file";s:15:"p51-300x230.jpg";s:5:"width";i:300;s:6:"height";i:230;s:9:"mime-type";s:10:"image/jpeg";}s:14:"shop_thumbnail";a:4:{s:4:"file";s:15:"p51-180x180.jpg";s:5:"width";i:180;s:6:"height";i:180;s:9:"mime-type";s:10:"image/jpeg";}s:12:"shop_catalog";a:4:{s:4:"file";s:15:"p51-300x300.jpg";s:5:"width";i:300;s:6:"height";i:300;s:9:"mime-type";s:10:"image/jpeg";}s:11:"shop_single";a:4:{s:4:"file";s:15:"p51-600x460.jpg";s:5:"width";i:600;s:6:"height";i:460;s:9:"mime-type";s:10:"image/jpeg";}}s:10:"image_meta";a:11:{s:8:"aperture";i:0;s:6:"credit";s:0:"";s:6:"camera";s:0:"";s:7:"caption";s:0:"";s:17:"created_timestamp";i:0;s:9:"copyright";s:0:"";s:12:"focal_length";i:0;s:3:"iso";i:0;s:13:"shutter_speed";i:0;s:5:"title";s:0:"";s:11:"orientation";i:0;}}]]></wp:meta_value>
		</wp:postmeta>
	</item>
	<item>
		<title>2</title>
		<link>https://demo.mageewp.com/onetone-pro-demo-fashion/portfolio/2/</link>
		<pubDate>Mon, 30 Nov 2015 01:25:34 +0000</pubDate>
		<dc:creator><![CDATA[liuxiali]]></dc:creator>
		<guid isPermaLink="false">https://demo.mageewp.com/onetone-pro-demo-fashion/?post_type=portfolio&#038;p=28</guid>
		<description></description>
		<content:encoded><![CDATA[w]]></content:encoded>
		<excerpt:encoded><![CDATA[]]></excerpt:encoded>
		<wp:post_id>28</wp:post_id>
		<wp:post_date>2015-11-30 01:25:34</wp:post_date>
		<wp:post_date_gmt>2015-11-30 01:25:34</wp:post_date_gmt>
		<wp:comment_status>open</wp:comment_status>
		<wp:ping_status>closed</wp:ping_status>
		<wp:post_name>2</wp:post_name>
		<wp:status>publish</wp:status>
		<wp:post_parent>0</wp:post_parent>
		<wp:menu_order>0</wp:menu_order>
		<wp:post_type>portfolio</wp:post_type>
		<wp:post_password></wp:post_password>
		<wp:is_sticky>0</wp:is_sticky>
		<wp:postmeta>
			<wp:meta_key>onetone_temp_metadata</wp:meta_key>
			<wp:meta_value><![CDATA[21,26,25,24,23,22]]></wp:meta_value>
		</wp:postmeta>
		<wp:postmeta>
			<wp:meta_key>_edit_last</wp:meta_key>
			<wp:meta_value><![CDATA[6894]]></wp:meta_value>
		</wp:postmeta>
		<wp:postmeta>
			<wp:meta_key>_thumbnail_id</wp:meta_key>
			<wp:meta_value><![CDATA[23]]></wp:meta_value>
		</wp:postmeta>
		<wp:postmeta>
			<wp:meta_key>slide_template</wp:meta_key>
			<wp:meta_value><![CDATA[default]]></wp:meta_value>
		</wp:postmeta>
		<wp:postmeta>
			<wp:meta_key>onetone_perm_metadata</wp:meta_key>
			<wp:meta_value><![CDATA[21,26,25,24,23,22]]></wp:meta_value>
		</wp:postmeta>
	</item>
	<item>
		<title>banner02</title>
		<link>https://demo.mageewp.com/onetone-pro-demo-fashion/?attachment_id=38</link>
		<pubDate>Mon, 30 Nov 2015 01:45:59 +0000</pubDate>
		<dc:creator><![CDATA[liuxiali]]></dc:creator>
		<guid isPermaLink="false">https://demo.mageewp.com/onetone-pro-demo-fashion/wp-content/uploads/sites/28/2015/11/banner021.jpg</guid>
		<description></description>
		<content:encoded><![CDATA[]]></content:encoded>
		<excerpt:encoded><![CDATA[]]></excerpt:encoded>
		<wp:post_id>38</wp:post_id>
		<wp:post_date>2015-11-30 01:45:59</wp:post_date>
		<wp:post_date_gmt>2015-11-30 01:45:59</wp:post_date_gmt>
		<wp:comment_status>open</wp:comment_status>
		<wp:ping_status>closed</wp:ping_status>
		<wp:post_name>banner02</wp:post_name>
		<wp:status>inherit</wp:status>
		<wp:post_parent>0</wp:post_parent>
		<wp:menu_order>0</wp:menu_order>
		<wp:post_type>attachment</wp:post_type>
		<wp:post_password></wp:post_password>
		<wp:is_sticky>0</wp:is_sticky>
		<wp:attachment_url>https://demo.mageewp.com/onetone-pro-demo-fashion/wp-content/uploads/sites/28/2015/11/banner021.jpg</wp:attachment_url>
		<wp:postmeta>
			<wp:meta_key>_wp_attached_file</wp:meta_key>
			<wp:meta_value><![CDATA[2015/11/banner021.jpg]]></wp:meta_value>
		</wp:postmeta>
		<wp:postmeta>
			<wp:meta_key>_wp_attachment_metadata</wp:meta_key>
			<wp:meta_value><![CDATA[a:5:{s:5:"width";i:1920;s:6:"height";i:513;s:4:"file";s:21:"2015/11/banner021.jpg";s:5:"sizes";a:6:{s:9:"thumbnail";a:4:{s:4:"file";s:21:"banner021-150x150.jpg";s:5:"width";i:150;s:6:"height";i:150;s:9:"mime-type";s:10:"image/jpeg";}s:6:"medium";a:4:{s:4:"file";s:20:"banner021-300x80.jpg";s:5:"width";i:300;s:6:"height";i:80;s:9:"mime-type";s:10:"image/jpeg";}s:5:"large";a:4:{s:4:"file";s:22:"banner021-1024x274.jpg";s:5:"width";i:1024;s:6:"height";i:274;s:9:"mime-type";s:10:"image/jpeg";}s:14:"shop_thumbnail";a:4:{s:4:"file";s:21:"banner021-180x180.jpg";s:5:"width";i:180;s:6:"height";i:180;s:9:"mime-type";s:10:"image/jpeg";}s:12:"shop_catalog";a:4:{s:4:"file";s:21:"banner021-300x300.jpg";s:5:"width";i:300;s:6:"height";i:300;s:9:"mime-type";s:10:"image/jpeg";}s:11:"shop_single";a:4:{s:4:"file";s:21:"banner021-600x513.jpg";s:5:"width";i:600;s:6:"height";i:513;s:9:"mime-type";s:10:"image/jpeg";}}s:10:"image_meta";a:11:{s:8:"aperture";i:0;s:6:"credit";s:0:"";s:6:"camera";s:0:"";s:7:"caption";s:0:"";s:17:"created_timestamp";i:0;s:9:"copyright";s:0:"";s:12:"focal_length";i:0;s:3:"iso";i:0;s:13:"shutter_speed";i:0;s:5:"title";s:0:"";s:11:"orientation";i:0;}}]]></wp:meta_value>
		</wp:postmeta>
	</item>
	<item>
		<title>FASHION LOGO</title>
		<link>https://demo.mageewp.com/onetone-pro-demo-fashion/?attachment_id=39</link>
		<pubDate>Mon, 30 Nov 2015 01:46:26 +0000</pubDate>
		<dc:creator><![CDATA[liuxiali]]></dc:creator>
		<guid isPermaLink="false">https://demo.mageewp.com/onetone-pro-demo-fashion/wp-content/uploads/sites/28/2015/11/FASHION-LOGO2.png</guid>
		<description></description>
		<content:encoded><![CDATA[]]></content:encoded>
		<excerpt:encoded><![CDATA[]]></excerpt:encoded>
		<wp:post_id>39</wp:post_id>
		<wp:post_date>2015-11-30 01:46:26</wp:post_date>
		<wp:post_date_gmt>2015-11-30 01:46:26</wp:post_date_gmt>
		<wp:comment_status>open</wp:comment_status>
		<wp:ping_status>closed</wp:ping_status>
		<wp:post_name>fashion-logo</wp:post_name>
		<wp:status>inherit</wp:status>
		<wp:post_parent>0</wp:post_parent>
		<wp:menu_order>0</wp:menu_order>
		<wp:post_type>attachment</wp:post_type>
		<wp:post_password></wp:post_password>
		<wp:is_sticky>0</wp:is_sticky>
		<wp:attachment_url>https://demo.mageewp.com/onetone-pro-demo-fashion/wp-content/uploads/sites/28/2015/11/FASHION-LOGO2.png</wp:attachment_url>
		<wp:postmeta>
			<wp:meta_key>_wp_attached_file</wp:meta_key>
			<wp:meta_value><![CDATA[2015/11/FASHION-LOGO2.png]]></wp:meta_value>
		</wp:postmeta>
		<wp:postmeta>
			<wp:meta_key>_wp_attachment_metadata</wp:meta_key>
			<wp:meta_value><![CDATA[a:5:{s:5:"width";i:200;s:6:"height";i:70;s:4:"file";s:25:"2015/11/FASHION-LOGO2.png";s:5:"sizes";a:2:{s:9:"thumbnail";a:4:{s:4:"file";s:24:"FASHION-LOGO2-150x70.png";s:5:"width";i:150;s:6:"height";i:70;s:9:"mime-type";s:9:"image/png";}s:14:"shop_thumbnail";a:4:{s:4:"file";s:24:"FASHION-LOGO2-180x70.png";s:5:"width";i:180;s:6:"height";i:70;s:9:"mime-type";s:9:"image/png";}}s:10:"image_meta";a:11:{s:8:"aperture";i:0;s:6:"credit";s:0:"";s:6:"camera";s:0:"";s:7:"caption";s:0:"";s:17:"created_timestamp";i:0;s:9:"copyright";s:0:"";s:12:"focal_length";i:0;s:3:"iso";i:0;s:13:"shutter_speed";i:0;s:5:"title";s:0:"";s:11:"orientation";i:0;}}]]></wp:meta_value>
		</wp:postmeta>
	</item>
	<item>
		<title>Hello world!</title>
		<link>https://demo.mageewp.com/onetone-pro-demo-fashion/2015/11/23/hello-world/</link>
		<pubDate>Mon, 23 Nov 2015 08:33:54 +0000</pubDate>
		<dc:creator><![CDATA[magictheme]]></dc:creator>
		<guid isPermaLink="false">http://demo.mageewp.com/onetone-pro-demo-fashion/?p=1</guid>
		<description></description>
		<content:encoded><![CDATA[Welcome to <a href="https://demo.mageewp.com/">MageeWP Sites</a>. This is your first post. Edit or delete it, then start blogging!]]></content:encoded>
		<excerpt:encoded><![CDATA[]]></excerpt:encoded>
		<wp:post_id>1</wp:post_id>
		<wp:post_date>2015-11-23 08:33:54</wp:post_date>
		<wp:post_date_gmt>2015-11-23 08:33:54</wp:post_date_gmt>
		<wp:comment_status>open</wp:comment_status>
		<wp:ping_status>open</wp:ping_status>
		<wp:post_name>hello-world</wp:post_name>
		<wp:status>publish</wp:status>
		<wp:post_parent>0</wp:post_parent>
		<wp:menu_order>0</wp:menu_order>
		<wp:post_type>post</wp:post_type>
		<wp:post_password></wp:post_password>
		<wp:is_sticky>0</wp:is_sticky>
		<category domain="category" nicename="uncategorized"><![CDATA[Uncategorized]]></category>
		<wp:comment>
			<wp:comment_id>1</wp:comment_id>
			<wp:comment_author><![CDATA[]]></wp:comment_author>
			<wp:comment_author_email></wp:comment_author_email>
			<wp:comment_author_url></wp:comment_author_url>
			<wp:comment_author_IP></wp:comment_author_IP>
			<wp:comment_date>2015-11-23 08:33:54</wp:comment_date>
			<wp:comment_date_gmt>2015-11-23 08:33:54</wp:comment_date_gmt>
			<wp:comment_content><![CDATA[]]></wp:comment_content>
			<wp:comment_approved>1</wp:comment_approved>
			<wp:comment_type></wp:comment_type>
			<wp:comment_parent>0</wp:comment_parent>
			<wp:comment_user_id>0</wp:comment_user_id>
		</wp:comment>
	</item>
	<item>
		<title>3</title>
		<link>https://demo.mageewp.com/onetone-pro-demo-fashion/portfolio/3/</link>
		<pubDate>Mon, 30 Nov 2015 01:26:05 +0000</pubDate>
		<dc:creator><![CDATA[liuxiali]]></dc:creator>
		<guid isPermaLink="false">https://demo.mageewp.com/onetone-pro-demo-fashion/?post_type=portfolio&#038;p=30</guid>
		<description></description>
		<content:encoded><![CDATA[e]]></content:encoded>
		<excerpt:encoded><![CDATA[]]></excerpt:encoded>
		<wp:post_id>30</wp:post_id>
		<wp:post_date>2015-11-30 01:26:05</wp:post_date>
		<wp:post_date_gmt>2015-11-30 01:26:05</wp:post_date_gmt>
		<wp:comment_status>open</wp:comment_status>
		<wp:ping_status>closed</wp:ping_status>
		<wp:post_name>3</wp:post_name>
		<wp:status>publish</wp:status>
		<wp:post_parent>0</wp:post_parent>
		<wp:menu_order>0</wp:menu_order>
		<wp:post_type>portfolio</wp:post_type>
		<wp:post_password></wp:post_password>
		<wp:is_sticky>0</wp:is_sticky>
		<wp:postmeta>
			<wp:meta_key>onetone_temp_metadata</wp:meta_key>
			<wp:meta_value><![CDATA[21,26,25,24,23,22]]></wp:meta_value>
		</wp:postmeta>
		<wp:postmeta>
			<wp:meta_key>_edit_last</wp:meta_key>
			<wp:meta_value><![CDATA[6894]]></wp:meta_value>
		</wp:postmeta>
		<wp:postmeta>
			<wp:meta_key>_thumbnail_id</wp:meta_key>
			<wp:meta_value><![CDATA[24]]></wp:meta_value>
		</wp:postmeta>
		<wp:postmeta>
			<wp:meta_key>slide_template</wp:meta_key>
			<wp:meta_value><![CDATA[default]]></wp:meta_value>
		</wp:postmeta>
		<wp:postmeta>
			<wp:meta_key>onetone_perm_metadata</wp:meta_key>
			<wp:meta_value><![CDATA[21,26,25,24,23,22]]></wp:meta_value>
		</wp:postmeta>
	</item>
	<item>
		<title>4</title>
		<link>https://demo.mageewp.com/onetone-pro-demo-fashion/portfolio/4/</link>
		<pubDate>Mon, 30 Nov 2015 01:26:33 +0000</pubDate>
		<dc:creator><![CDATA[liuxiali]]></dc:creator>
		<guid isPermaLink="false">https://demo.mageewp.com/onetone-pro-demo-fashion/?post_type=portfolio&#038;p=32</guid>
		<description></description>
		<content:encoded><![CDATA[a]]></content:encoded>
		<excerpt:encoded><![CDATA[]]></excerpt:encoded>
		<wp:post_id>32</wp:post_id>
		<wp:post_date>2015-11-30 01:26:33</wp:post_date>
		<wp:post_date_gmt>2015-11-30 01:26:33</wp:post_date_gmt>
		<wp:comment_status>open</wp:comment_status>
		<wp:ping_status>closed</wp:ping_status>
		<wp:post_name>4</wp:post_name>
		<wp:status>publish</wp:status>
		<wp:post_parent>0</wp:post_parent>
		<wp:menu_order>0</wp:menu_order>
		<wp:post_type>portfolio</wp:post_type>
		<wp:post_password></wp:post_password>
		<wp:is_sticky>0</wp:is_sticky>
		<wp:postmeta>
			<wp:meta_key>onetone_temp_metadata</wp:meta_key>
			<wp:meta_value><![CDATA[21,26,25,24,23,22]]></wp:meta_value>
		</wp:postmeta>
		<wp:postmeta>
			<wp:meta_key>_edit_last</wp:meta_key>
			<wp:meta_value><![CDATA[6894]]></wp:meta_value>
		</wp:postmeta>
		<wp:postmeta>
			<wp:meta_key>_thumbnail_id</wp:meta_key>
			<wp:meta_value><![CDATA[25]]></wp:meta_value>
		</wp:postmeta>
		<wp:postmeta>
			<wp:meta_key>slide_template</wp:meta_key>
			<wp:meta_value><![CDATA[default]]></wp:meta_value>
		</wp:postmeta>
		<wp:postmeta>
			<wp:meta_key>onetone_perm_metadata</wp:meta_key>
			<wp:meta_value><![CDATA[21,26,25,24,23,22]]></wp:meta_value>
		</wp:postmeta>
	</item>
	<item>
		<title>5</title>
		<link>https://demo.mageewp.com/onetone-pro-demo-fashion/portfolio/5/</link>
		<pubDate>Mon, 30 Nov 2015 01:27:00 +0000</pubDate>
		<dc:creator><![CDATA[liuxiali]]></dc:creator>
		<guid isPermaLink="false">https://demo.mageewp.com/onetone-pro-demo-fashion/?post_type=portfolio&#038;p=34</guid>
		<description></description>
		<content:encoded><![CDATA[S]]></content:encoded>
		<excerpt:encoded><![CDATA[]]></excerpt:encoded>
		<wp:post_id>34</wp:post_id>
		<wp:post_date>2015-11-30 01:27:00</wp:post_date>
		<wp:post_date_gmt>2015-11-30 01:27:00</wp:post_date_gmt>
		<wp:comment_status>open</wp:comment_status>
		<wp:ping_status>closed</wp:ping_status>
		<wp:post_name>5</wp:post_name>
		<wp:status>publish</wp:status>
		<wp:post_parent>0</wp:post_parent>
		<wp:menu_order>0</wp:menu_order>
		<wp:post_type>portfolio</wp:post_type>
		<wp:post_password></wp:post_password>
		<wp:is_sticky>0</wp:is_sticky>
		<wp:postmeta>
			<wp:meta_key>onetone_temp_metadata</wp:meta_key>
			<wp:meta_value><![CDATA[21,26,25,24,23,22]]></wp:meta_value>
		</wp:postmeta>
		<wp:postmeta>
			<wp:meta_key>_edit_last</wp:meta_key>
			<wp:meta_value><![CDATA[6894]]></wp:meta_value>
		</wp:postmeta>
		<wp:postmeta>
			<wp:meta_key>_thumbnail_id</wp:meta_key>
			<wp:meta_value><![CDATA[26]]></wp:meta_value>
		</wp:postmeta>
		<wp:postmeta>
			<wp:meta_key>slide_template</wp:meta_key>
			<wp:meta_value><![CDATA[default]]></wp:meta_value>
		</wp:postmeta>
		<wp:postmeta>
			<wp:meta_key>onetone_perm_metadata</wp:meta_key>
			<wp:meta_value><![CDATA[21,26,25,24,23,22]]></wp:meta_value>
		</wp:postmeta>
	</item>
	<item>
		<title>6</title>
		<link>https://demo.mageewp.com/onetone-pro-demo-fashion/portfolio/6/</link>
		<pubDate>Mon, 30 Nov 2015 01:27:26 +0000</pubDate>
		<dc:creator><![CDATA[liuxiali]]></dc:creator>
		<guid isPermaLink="false">https://demo.mageewp.com/onetone-pro-demo-fashion/?post_type=portfolio&#038;p=36</guid>
		<description></description>
		<content:encoded><![CDATA[D]]></content:encoded>
		<excerpt:encoded><![CDATA[]]></excerpt:encoded>
		<wp:post_id>36</wp:post_id>
		<wp:post_date>2015-11-30 01:27:26</wp:post_date>
		<wp:post_date_gmt>2015-11-30 01:27:26</wp:post_date_gmt>
		<wp:comment_status>open</wp:comment_status>
		<wp:ping_status>closed</wp:ping_status>
		<wp:post_name>6</wp:post_name>
		<wp:status>publish</wp:status>
		<wp:post_parent>0</wp:post_parent>
		<wp:menu_order>0</wp:menu_order>
		<wp:post_type>portfolio</wp:post_type>
		<wp:post_password></wp:post_password>
		<wp:is_sticky>0</wp:is_sticky>
		<wp:postmeta>
			<wp:meta_key>onetone_temp_metadata</wp:meta_key>
			<wp:meta_value><![CDATA[21,26,25,24,23,22]]></wp:meta_value>
		</wp:postmeta>
		<wp:postmeta>
			<wp:meta_key>_edit_last</wp:meta_key>
			<wp:meta_value><![CDATA[6894]]></wp:meta_value>
		</wp:postmeta>
		<wp:postmeta>
			<wp:meta_key>_thumbnail_id</wp:meta_key>
			<wp:meta_value><![CDATA[22]]></wp:meta_value>
		</wp:postmeta>
		<wp:postmeta>
			<wp:meta_key>slide_template</wp:meta_key>
			<wp:meta_value><![CDATA[default]]></wp:meta_value>
		</wp:postmeta>
		<wp:postmeta>
			<wp:meta_key>onetone_perm_metadata</wp:meta_key>
			<wp:meta_value><![CDATA[21,26,25,24,23,22]]></wp:meta_value>
		</wp:postmeta>
	</item>
</channel>
</rss>
