[{"default_sidebar":["search-2","recent-posts-2","recent-comments-2","archives-2","categories-2","meta-2"],"shop":["woocommerce_product_search-2","woocommerce_recent_reviews-2","woocommerce_recently_viewed_products-2"]},{"search":{"2":{"title":""},"_multiwidget":1},"recent-posts":{"2":{"title":"","number":5},"_multiwidget":1},"recent-comments":{"2":{"title":"","number":5},"_multiwidget":1},"archives":{"2":{"title":"","count":0,"dropdown":0},"_multiwidget":1},"categories":{"2":{"title":"","count":0,"hierarchical":0,"dropdown":0},"_multiwidget":1},"meta":{"2":{"title":""},"_multiwidget":1},"woocommerce_product_search":{"2":{"title":"Search Products"},"_multiwidget":1},"woocommerce_recent_reviews":{"2":{"title":"Recent Reviews","number":"10"},"_multiwidget":1},"woocommerce_recently_viewed_products":{"2":{"title":"Recently Viewed Products","number":"10"},"_multiwidget":1}}]