<?xml version="1.0" encoding="UTF-8" ?>
<!-- This is a WordPress eXtended RSS file generated by WordPress as an export of your site. -->
<!-- It contains information about your site's posts, pages, comments, categories, and other content. -->
<!-- You may use this file to transfer that content from one site to another. -->
<!-- This file is not intended to serve as a complete backup of your site. -->

<!-- To import this information into a WordPress site follow these steps: -->
<!-- 1. Log in to that site as an administrator. -->
<!-- 2. Go to Tools: Import in the WordPress admin panel. -->
<!-- 3. Install the "WordPress" importer from the list. -->
<!-- 4. Activate & Run Importer. -->
<!-- 5. Upload this file using the form provided on that page. -->
<!-- 6. You will first be asked to map the authors in this export file to users -->
<!--    on the site. For each author, you may choose to map to an -->
<!--    existing user on the site or to create a new user. -->
<!-- 7. WordPress will then import each of the posts, pages, comments, categories, etc. -->
<!--    contained in this file into your site. -->

<!-- generator="WordPress/4.3.1" created="2015-12-01 06:50" -->
<rss version="2.0"
	xmlns:excerpt="http://wordpress.org/export/1.2/excerpt/"
	xmlns:content="http://purl.org/rss/1.0/modules/content/"
	xmlns:wfw="http://wellformedweb.org/CommentAPI/"
	xmlns:dc="http://purl.org/dc/elements/1.1/"
	xmlns:wp="http://wordpress.org/export/1.2/"
>

<channel>
	<title>Onetone Cafe</title>
	<link>https://demo.mageewp.com/onetone-pro-demo-cafe</link>
	<description>Just another MageeWP Sites site</description>
	<pubDate>Tue, 01 Dec 2015 06:50:07 +0000</pubDate>
	<language>en-US</language>
	<wp:wxr_version>1.2</wp:wxr_version>
	<wp:base_site_url>http://demo.mageewp.com/</wp:base_site_url>
	<wp:base_blog_url>https://demo.mageewp.com/onetone-pro-demo-cafe</wp:base_blog_url>

	<wp:author><wp:author_id>23</wp:author_id><wp:author_login>magictheme</wp:author_login><wp:author_email>quanshijun@hodosoft.com</wp:author_email><wp:author_display_name><![CDATA[magictheme]]></wp:author_display_name><wp:author_first_name><![CDATA[]]></wp:author_first_name><wp:author_last_name><![CDATA[]]></wp:author_last_name></wp:author>
	<wp:author><wp:author_id>6894</wp:author_id><wp:author_login>liuxiali</wp:author_login><wp:author_email>liuxiali@hodosoft.com</wp:author_email><wp:author_display_name><![CDATA[liuxiali]]></wp:author_display_name><wp:author_first_name><![CDATA[]]></wp:author_first_name><wp:author_last_name><![CDATA[]]></wp:author_last_name></wp:author>

	<wp:category><wp:term_id>1</wp:term_id><wp:category_nicename>uncategorized</wp:category_nicename><wp:category_parent></wp:category_parent><wp:cat_name><![CDATA[Uncategorized]]></wp:cat_name></wp:category>

	<generator>http://wordpress.org/?v=4.3.1</generator>

	<item>
		<title>Hello world!</title>
		<link>https://demo.mageewp.com/onetone-pro-demo-cafe/2015/11/23/hello-world/</link>
		<pubDate>Mon, 23 Nov 2015 08:34:17 +0000</pubDate>
		<dc:creator><![CDATA[magictheme]]></dc:creator>
		<guid isPermaLink="false">http://demo.mageewp.com/onetone-pro-demo-cafe/?p=1</guid>
		<description></description>
		<content:encoded><![CDATA[Welcome to <a href="https://demo.mageewp.com/">MageeWP Sites</a>. This is your first post. Edit or delete it, then start blogging!]]></content:encoded>
		<excerpt:encoded><![CDATA[]]></excerpt:encoded>
		<wp:post_id>1</wp:post_id>
		<wp:post_date>2015-11-23 08:34:17</wp:post_date>
		<wp:post_date_gmt>2015-11-23 08:34:17</wp:post_date_gmt>
		<wp:comment_status>open</wp:comment_status>
		<wp:ping_status>open</wp:ping_status>
		<wp:post_name>hello-world</wp:post_name>
		<wp:status>publish</wp:status>
		<wp:post_parent>0</wp:post_parent>
		<wp:menu_order>0</wp:menu_order>
		<wp:post_type>post</wp:post_type>
		<wp:post_password></wp:post_password>
		<wp:is_sticky>0</wp:is_sticky>
		<category domain="category" nicename="uncategorized"><![CDATA[Uncategorized]]></category>
		<wp:comment>
			<wp:comment_id>1</wp:comment_id>
			<wp:comment_author><![CDATA[]]></wp:comment_author>
			<wp:comment_author_email></wp:comment_author_email>
			<wp:comment_author_url></wp:comment_author_url>
			<wp:comment_author_IP></wp:comment_author_IP>
			<wp:comment_date>2015-11-23 08:34:17</wp:comment_date>
			<wp:comment_date_gmt>2015-11-23 08:34:17</wp:comment_date_gmt>
			<wp:comment_content><![CDATA[]]></wp:comment_content>
			<wp:comment_approved>1</wp:comment_approved>
			<wp:comment_type></wp:comment_type>
			<wp:comment_parent>0</wp:comment_parent>
			<wp:comment_user_id>0</wp:comment_user_id>
		</wp:comment>
	</item>
	<item>
		<title>Sample Page</title>
		<link>https://demo.mageewp.com/onetone-pro-demo-cafe/sample-page/</link>
		<pubDate>Mon, 23 Nov 2015 08:34:17 +0000</pubDate>
		<dc:creator><![CDATA[magictheme]]></dc:creator>
		<guid isPermaLink="false">http://demo.mageewp.com/onetone-pro-demo-cafe/?page_id=2</guid>
		<description></description>
		<content:encoded><![CDATA[]]></content:encoded>
		<excerpt:encoded><![CDATA[]]></excerpt:encoded>
		<wp:post_id>2</wp:post_id>
		<wp:post_date>2015-11-23 08:34:17</wp:post_date>
		<wp:post_date_gmt>2015-11-23 08:34:17</wp:post_date_gmt>
		<wp:comment_status>closed</wp:comment_status>
		<wp:ping_status>open</wp:ping_status>
		<wp:post_name>sample-page</wp:post_name>
		<wp:status>publish</wp:status>
		<wp:post_parent>0</wp:post_parent>
		<wp:menu_order>0</wp:menu_order>
		<wp:post_type>page</wp:post_type>
		<wp:post_password></wp:post_password>
		<wp:is_sticky>0</wp:is_sticky>
		<wp:postmeta>
			<wp:meta_key>_wp_page_template</wp:meta_key>
			<wp:meta_value><![CDATA[default]]></wp:meta_value>
		</wp:postmeta>
	</item>
	<item>
		<title>banner01</title>
		<link>https://demo.mageewp.com/onetone-pro-demo-cafe/?attachment_id=6</link>
		<pubDate>Mon, 30 Nov 2015 02:24:31 +0000</pubDate>
		<dc:creator><![CDATA[liuxiali]]></dc:creator>
		<guid isPermaLink="false">https://demo.mageewp.com/onetone-pro-demo-cafe/wp-content/uploads/sites/29/2015/11/banner01.jpg</guid>
		<description></description>
		<content:encoded><![CDATA[]]></content:encoded>
		<excerpt:encoded><![CDATA[]]></excerpt:encoded>
		<wp:post_id>6</wp:post_id>
		<wp:post_date>2015-11-30 02:24:31</wp:post_date>
		<wp:post_date_gmt>2015-11-30 02:24:31</wp:post_date_gmt>
		<wp:comment_status>open</wp:comment_status>
		<wp:ping_status>closed</wp:ping_status>
		<wp:post_name>banner01</wp:post_name>
		<wp:status>inherit</wp:status>
		<wp:post_parent>0</wp:post_parent>
		<wp:menu_order>0</wp:menu_order>
		<wp:post_type>attachment</wp:post_type>
		<wp:post_password></wp:post_password>
		<wp:is_sticky>0</wp:is_sticky>
		<wp:attachment_url>https://demo.mageewp.com/onetone-pro-demo-cafe/wp-content/uploads/sites/29/2015/11/banner01.jpg</wp:attachment_url>
		<wp:postmeta>
			<wp:meta_key>_wp_attached_file</wp:meta_key>
			<wp:meta_value><![CDATA[2015/11/banner01.jpg]]></wp:meta_value>
		</wp:postmeta>
		<wp:postmeta>
			<wp:meta_key>_wp_attachment_metadata</wp:meta_key>
			<wp:meta_value><![CDATA[a:5:{s:5:"width";i:1920;s:6:"height";i:1000;s:4:"file";s:20:"2015/11/banner01.jpg";s:5:"sizes";a:3:{s:9:"thumbnail";a:4:{s:4:"file";s:20:"banner01-150x150.jpg";s:5:"width";i:150;s:6:"height";i:150;s:9:"mime-type";s:10:"image/jpeg";}s:6:"medium";a:4:{s:4:"file";s:20:"banner01-300x156.jpg";s:5:"width";i:300;s:6:"height";i:156;s:9:"mime-type";s:10:"image/jpeg";}s:5:"large";a:4:{s:4:"file";s:21:"banner01-1024x533.jpg";s:5:"width";i:1024;s:6:"height";i:533;s:9:"mime-type";s:10:"image/jpeg";}}s:10:"image_meta";a:11:{s:8:"aperture";i:0;s:6:"credit";s:0:"";s:6:"camera";s:0:"";s:7:"caption";s:0:"";s:17:"created_timestamp";i:0;s:9:"copyright";s:0:"";s:12:"focal_length";i:0;s:3:"iso";i:0;s:13:"shutter_speed";i:0;s:5:"title";s:0:"";s:11:"orientation";i:0;}}]]></wp:meta_value>
		</wp:postmeta>
	</item>
	<item>
		<title>custom_showcase1_img</title>
		<link>https://demo.mageewp.com/onetone-pro-demo-cafe/?attachment_id=8</link>
		<pubDate>Mon, 30 Nov 2015 02:41:06 +0000</pubDate>
		<dc:creator><![CDATA[liuxiali]]></dc:creator>
		<guid isPermaLink="false">https://demo.mageewp.com/onetone-pro-demo-cafe/wp-content/uploads/sites/29/2015/11/custom_showcase1_img1.jpg</guid>
		<description></description>
		<content:encoded><![CDATA[]]></content:encoded>
		<excerpt:encoded><![CDATA[]]></excerpt:encoded>
		<wp:post_id>8</wp:post_id>
		<wp:post_date>2015-11-30 02:41:06</wp:post_date>
		<wp:post_date_gmt>2015-11-30 02:41:06</wp:post_date_gmt>
		<wp:comment_status>open</wp:comment_status>
		<wp:ping_status>closed</wp:ping_status>
		<wp:post_name>custom_showcase1_img</wp:post_name>
		<wp:status>inherit</wp:status>
		<wp:post_parent>0</wp:post_parent>
		<wp:menu_order>0</wp:menu_order>
		<wp:post_type>attachment</wp:post_type>
		<wp:post_password></wp:post_password>
		<wp:is_sticky>0</wp:is_sticky>
		<wp:attachment_url>https://demo.mageewp.com/onetone-pro-demo-cafe/wp-content/uploads/sites/29/2015/11/custom_showcase1_img1.jpg</wp:attachment_url>
		<wp:postmeta>
			<wp:meta_key>_wp_attached_file</wp:meta_key>
			<wp:meta_value><![CDATA[2015/11/custom_showcase1_img1.jpg]]></wp:meta_value>
		</wp:postmeta>
		<wp:postmeta>
			<wp:meta_key>_wp_attachment_metadata</wp:meta_key>
			<wp:meta_value><![CDATA[a:5:{s:5:"width";i:370;s:6:"height";i:230;s:4:"file";s:33:"2015/11/custom_showcase1_img1.jpg";s:5:"sizes";a:2:{s:9:"thumbnail";a:4:{s:4:"file";s:33:"custom_showcase1_img1-150x150.jpg";s:5:"width";i:150;s:6:"height";i:150;s:9:"mime-type";s:10:"image/jpeg";}s:6:"medium";a:4:{s:4:"file";s:33:"custom_showcase1_img1-300x186.jpg";s:5:"width";i:300;s:6:"height";i:186;s:9:"mime-type";s:10:"image/jpeg";}}s:10:"image_meta";a:11:{s:8:"aperture";i:0;s:6:"credit";s:0:"";s:6:"camera";s:0:"";s:7:"caption";s:0:"";s:17:"created_timestamp";i:0;s:9:"copyright";s:0:"";s:12:"focal_length";i:0;s:3:"iso";i:0;s:13:"shutter_speed";i:0;s:5:"title";s:0:"";s:11:"orientation";i:0;}}]]></wp:meta_value>
		</wp:postmeta>
	</item>
	<item>
		<title>custom_showcase3_img</title>
		<link>https://demo.mageewp.com/onetone-pro-demo-cafe/?attachment_id=9</link>
		<pubDate>Mon, 30 Nov 2015 02:41:16 +0000</pubDate>
		<dc:creator><![CDATA[liuxiali]]></dc:creator>
		<guid isPermaLink="false">https://demo.mageewp.com/onetone-pro-demo-cafe/wp-content/uploads/sites/29/2015/11/custom_showcase3_img1.jpg</guid>
		<description></description>
		<content:encoded><![CDATA[]]></content:encoded>
		<excerpt:encoded><![CDATA[]]></excerpt:encoded>
		<wp:post_id>9</wp:post_id>
		<wp:post_date>2015-11-30 02:41:16</wp:post_date>
		<wp:post_date_gmt>2015-11-30 02:41:16</wp:post_date_gmt>
		<wp:comment_status>open</wp:comment_status>
		<wp:ping_status>closed</wp:ping_status>
		<wp:post_name>custom_showcase3_img</wp:post_name>
		<wp:status>inherit</wp:status>
		<wp:post_parent>0</wp:post_parent>
		<wp:menu_order>0</wp:menu_order>
		<wp:post_type>attachment</wp:post_type>
		<wp:post_password></wp:post_password>
		<wp:is_sticky>0</wp:is_sticky>
		<wp:attachment_url>https://demo.mageewp.com/onetone-pro-demo-cafe/wp-content/uploads/sites/29/2015/11/custom_showcase3_img1.jpg</wp:attachment_url>
		<wp:postmeta>
			<wp:meta_key>_wp_attached_file</wp:meta_key>
			<wp:meta_value><![CDATA[2015/11/custom_showcase3_img1.jpg]]></wp:meta_value>
		</wp:postmeta>
		<wp:postmeta>
			<wp:meta_key>_wp_attachment_metadata</wp:meta_key>
			<wp:meta_value><![CDATA[a:5:{s:5:"width";i:370;s:6:"height";i:230;s:4:"file";s:33:"2015/11/custom_showcase3_img1.jpg";s:5:"sizes";a:2:{s:9:"thumbnail";a:4:{s:4:"file";s:33:"custom_showcase3_img1-150x150.jpg";s:5:"width";i:150;s:6:"height";i:150;s:9:"mime-type";s:10:"image/jpeg";}s:6:"medium";a:4:{s:4:"file";s:33:"custom_showcase3_img1-300x186.jpg";s:5:"width";i:300;s:6:"height";i:186;s:9:"mime-type";s:10:"image/jpeg";}}s:10:"image_meta";a:11:{s:8:"aperture";i:0;s:6:"credit";s:0:"";s:6:"camera";s:0:"";s:7:"caption";s:0:"";s:17:"created_timestamp";i:0;s:9:"copyright";s:0:"";s:12:"focal_length";i:0;s:3:"iso";i:0;s:13:"shutter_speed";i:0;s:5:"title";s:0:"";s:11:"orientation";i:0;}}]]></wp:meta_value>
		</wp:postmeta>
	</item>
	<item>
		<title>custom_showcase2_img</title>
		<link>https://demo.mageewp.com/onetone-pro-demo-cafe/?attachment_id=10</link>
		<pubDate>Mon, 30 Nov 2015 02:41:17 +0000</pubDate>
		<dc:creator><![CDATA[liuxiali]]></dc:creator>
		<guid isPermaLink="false">https://demo.mageewp.com/onetone-pro-demo-cafe/wp-content/uploads/sites/29/2015/11/custom_showcase2_img1.jpg</guid>
		<description></description>
		<content:encoded><![CDATA[]]></content:encoded>
		<excerpt:encoded><![CDATA[]]></excerpt:encoded>
		<wp:post_id>10</wp:post_id>
		<wp:post_date>2015-11-30 02:41:17</wp:post_date>
		<wp:post_date_gmt>2015-11-30 02:41:17</wp:post_date_gmt>
		<wp:comment_status>open</wp:comment_status>
		<wp:ping_status>closed</wp:ping_status>
		<wp:post_name>custom_showcase2_img</wp:post_name>
		<wp:status>inherit</wp:status>
		<wp:post_parent>0</wp:post_parent>
		<wp:menu_order>0</wp:menu_order>
		<wp:post_type>attachment</wp:post_type>
		<wp:post_password></wp:post_password>
		<wp:is_sticky>0</wp:is_sticky>
		<wp:attachment_url>https://demo.mageewp.com/onetone-pro-demo-cafe/wp-content/uploads/sites/29/2015/11/custom_showcase2_img1.jpg</wp:attachment_url>
		<wp:postmeta>
			<wp:meta_key>_wp_attached_file</wp:meta_key>
			<wp:meta_value><![CDATA[2015/11/custom_showcase2_img1.jpg]]></wp:meta_value>
		</wp:postmeta>
		<wp:postmeta>
			<wp:meta_key>_wp_attachment_metadata</wp:meta_key>
			<wp:meta_value><![CDATA[a:5:{s:5:"width";i:370;s:6:"height";i:230;s:4:"file";s:33:"2015/11/custom_showcase2_img1.jpg";s:5:"sizes";a:2:{s:9:"thumbnail";a:4:{s:4:"file";s:33:"custom_showcase2_img1-150x150.jpg";s:5:"width";i:150;s:6:"height";i:150;s:9:"mime-type";s:10:"image/jpeg";}s:6:"medium";a:4:{s:4:"file";s:33:"custom_showcase2_img1-300x186.jpg";s:5:"width";i:300;s:6:"height";i:186;s:9:"mime-type";s:10:"image/jpeg";}}s:10:"image_meta";a:11:{s:8:"aperture";i:0;s:6:"credit";s:0:"";s:6:"camera";s:0:"";s:7:"caption";s:0:"";s:17:"created_timestamp";i:0;s:9:"copyright";s:0:"";s:12:"focal_length";i:0;s:3:"iso";i:0;s:13:"shutter_speed";i:0;s:5:"title";s:0:"";s:11:"orientation";i:0;}}]]></wp:meta_value>
		</wp:postmeta>
	</item>
	<item>
		<title>homepage_info_img</title>
		<link>https://demo.mageewp.com/onetone-pro-demo-cafe/?attachment_id=11</link>
		<pubDate>Mon, 30 Nov 2015 03:05:14 +0000</pubDate>
		<dc:creator><![CDATA[liuxiali]]></dc:creator>
		<guid isPermaLink="false">https://demo.mageewp.com/onetone-pro-demo-cafe/wp-content/uploads/sites/29/2015/11/homepage_info_img1.jpg</guid>
		<description></description>
		<content:encoded><![CDATA[]]></content:encoded>
		<excerpt:encoded><![CDATA[]]></excerpt:encoded>
		<wp:post_id>11</wp:post_id>
		<wp:post_date>2015-11-30 03:05:14</wp:post_date>
		<wp:post_date_gmt>2015-11-30 03:05:14</wp:post_date_gmt>
		<wp:comment_status>open</wp:comment_status>
		<wp:ping_status>closed</wp:ping_status>
		<wp:post_name>homepage_info_img</wp:post_name>
		<wp:status>inherit</wp:status>
		<wp:post_parent>0</wp:post_parent>
		<wp:menu_order>0</wp:menu_order>
		<wp:post_type>attachment</wp:post_type>
		<wp:post_password></wp:post_password>
		<wp:is_sticky>0</wp:is_sticky>
		<wp:attachment_url>https://demo.mageewp.com/onetone-pro-demo-cafe/wp-content/uploads/sites/29/2015/11/homepage_info_img1.jpg</wp:attachment_url>
		<wp:postmeta>
			<wp:meta_key>_wp_attached_file</wp:meta_key>
			<wp:meta_value><![CDATA[2015/11/homepage_info_img1.jpg]]></wp:meta_value>
		</wp:postmeta>
		<wp:postmeta>
			<wp:meta_key>_wp_attachment_metadata</wp:meta_key>
			<wp:meta_value><![CDATA[a:5:{s:5:"width";i:1024;s:6:"height";i:532;s:4:"file";s:30:"2015/11/homepage_info_img1.jpg";s:5:"sizes";a:3:{s:9:"thumbnail";a:4:{s:4:"file";s:30:"homepage_info_img1-150x150.jpg";s:5:"width";i:150;s:6:"height";i:150;s:9:"mime-type";s:10:"image/jpeg";}s:6:"medium";a:4:{s:4:"file";s:30:"homepage_info_img1-300x156.jpg";s:5:"width";i:300;s:6:"height";i:156;s:9:"mime-type";s:10:"image/jpeg";}s:5:"large";a:4:{s:4:"file";s:31:"homepage_info_img1-1024x532.jpg";s:5:"width";i:1024;s:6:"height";i:532;s:9:"mime-type";s:10:"image/jpeg";}}s:10:"image_meta";a:11:{s:8:"aperture";i:0;s:6:"credit";s:0:"";s:6:"camera";s:0:"";s:7:"caption";s:0:"";s:17:"created_timestamp";i:0;s:9:"copyright";s:0:"";s:12:"focal_length";i:0;s:3:"iso";i:0;s:13:"shutter_speed";i:0;s:5:"title";s:0:"";s:11:"orientation";i:0;}}]]></wp:meta_value>
		</wp:postmeta>
	</item>
	<item>
		<title>homepage_info1_img</title>
		<link>https://demo.mageewp.com/onetone-pro-demo-cafe/?attachment_id=12</link>
		<pubDate>Mon, 30 Nov 2015 03:22:10 +0000</pubDate>
		<dc:creator><![CDATA[liuxiali]]></dc:creator>
		<guid isPermaLink="false">https://demo.mageewp.com/onetone-pro-demo-cafe/wp-content/uploads/sites/29/2015/11/homepage_info1_img.jpg</guid>
		<description></description>
		<content:encoded><![CDATA[]]></content:encoded>
		<excerpt:encoded><![CDATA[]]></excerpt:encoded>
		<wp:post_id>12</wp:post_id>
		<wp:post_date>2015-11-30 03:22:10</wp:post_date>
		<wp:post_date_gmt>2015-11-30 03:22:10</wp:post_date_gmt>
		<wp:comment_status>open</wp:comment_status>
		<wp:ping_status>closed</wp:ping_status>
		<wp:post_name>homepage_info1_img</wp:post_name>
		<wp:status>inherit</wp:status>
		<wp:post_parent>0</wp:post_parent>
		<wp:menu_order>0</wp:menu_order>
		<wp:post_type>attachment</wp:post_type>
		<wp:post_password></wp:post_password>
		<wp:is_sticky>0</wp:is_sticky>
		<wp:attachment_url>https://demo.mageewp.com/onetone-pro-demo-cafe/wp-content/uploads/sites/29/2015/11/homepage_info1_img.jpg</wp:attachment_url>
		<wp:postmeta>
			<wp:meta_key>_wp_attached_file</wp:meta_key>
			<wp:meta_value><![CDATA[2015/11/homepage_info1_img.jpg]]></wp:meta_value>
		</wp:postmeta>
		<wp:postmeta>
			<wp:meta_key>_wp_attachment_metadata</wp:meta_key>
			<wp:meta_value><![CDATA[a:5:{s:5:"width";i:1024;s:6:"height";i:532;s:4:"file";s:30:"2015/11/homepage_info1_img.jpg";s:5:"sizes";a:3:{s:9:"thumbnail";a:4:{s:4:"file";s:30:"homepage_info1_img-150x150.jpg";s:5:"width";i:150;s:6:"height";i:150;s:9:"mime-type";s:10:"image/jpeg";}s:6:"medium";a:4:{s:4:"file";s:30:"homepage_info1_img-300x156.jpg";s:5:"width";i:300;s:6:"height";i:156;s:9:"mime-type";s:10:"image/jpeg";}s:5:"large";a:4:{s:4:"file";s:31:"homepage_info1_img-1024x532.jpg";s:5:"width";i:1024;s:6:"height";i:532;s:9:"mime-type";s:10:"image/jpeg";}}s:10:"image_meta";a:11:{s:8:"aperture";i:0;s:6:"credit";s:0:"";s:6:"camera";s:0:"";s:7:"caption";s:0:"";s:17:"created_timestamp";i:0;s:9:"copyright";s:0:"";s:12:"focal_length";i:0;s:3:"iso";i:0;s:13:"shutter_speed";i:0;s:5:"title";s:0:"";s:11:"orientation";i:0;}}]]></wp:meta_value>
		</wp:postmeta>
	</item>
	<item>
		<title>homepage_info2_img</title>
		<link>https://demo.mageewp.com/onetone-pro-demo-cafe/?attachment_id=13</link>
		<pubDate>Mon, 30 Nov 2015 03:25:32 +0000</pubDate>
		<dc:creator><![CDATA[liuxiali]]></dc:creator>
		<guid isPermaLink="false">https://demo.mageewp.com/onetone-pro-demo-cafe/wp-content/uploads/sites/29/2015/11/homepage_info2_img1.jpg</guid>
		<description></description>
		<content:encoded><![CDATA[]]></content:encoded>
		<excerpt:encoded><![CDATA[]]></excerpt:encoded>
		<wp:post_id>13</wp:post_id>
		<wp:post_date>2015-11-30 03:25:32</wp:post_date>
		<wp:post_date_gmt>2015-11-30 03:25:32</wp:post_date_gmt>
		<wp:comment_status>open</wp:comment_status>
		<wp:ping_status>closed</wp:ping_status>
		<wp:post_name>homepage_info2_img</wp:post_name>
		<wp:status>inherit</wp:status>
		<wp:post_parent>0</wp:post_parent>
		<wp:menu_order>0</wp:menu_order>
		<wp:post_type>attachment</wp:post_type>
		<wp:post_password></wp:post_password>
		<wp:is_sticky>0</wp:is_sticky>
		<wp:attachment_url>https://demo.mageewp.com/onetone-pro-demo-cafe/wp-content/uploads/sites/29/2015/11/homepage_info2_img1.jpg</wp:attachment_url>
		<wp:postmeta>
			<wp:meta_key>_wp_attached_file</wp:meta_key>
			<wp:meta_value><![CDATA[2015/11/homepage_info2_img1.jpg]]></wp:meta_value>
		</wp:postmeta>
		<wp:postmeta>
			<wp:meta_key>_wp_attachment_metadata</wp:meta_key>
			<wp:meta_value><![CDATA[a:5:{s:5:"width";i:1024;s:6:"height";i:532;s:4:"file";s:31:"2015/11/homepage_info2_img1.jpg";s:5:"sizes";a:3:{s:9:"thumbnail";a:4:{s:4:"file";s:31:"homepage_info2_img1-150x150.jpg";s:5:"width";i:150;s:6:"height";i:150;s:9:"mime-type";s:10:"image/jpeg";}s:6:"medium";a:4:{s:4:"file";s:31:"homepage_info2_img1-300x156.jpg";s:5:"width";i:300;s:6:"height";i:156;s:9:"mime-type";s:10:"image/jpeg";}s:5:"large";a:4:{s:4:"file";s:32:"homepage_info2_img1-1024x532.jpg";s:5:"width";i:1024;s:6:"height";i:532;s:9:"mime-type";s:10:"image/jpeg";}}s:10:"image_meta";a:11:{s:8:"aperture";i:0;s:6:"credit";s:0:"";s:6:"camera";s:0:"";s:7:"caption";s:0:"";s:17:"created_timestamp";i:0;s:9:"copyright";s:0:"";s:12:"focal_length";i:0;s:3:"iso";i:0;s:13:"shutter_speed";i:0;s:5:"title";s:0:"";s:11:"orientation";i:0;}}]]></wp:meta_value>
		</wp:postmeta>
	</item>
	<item>
		<title>slider_01</title>
		<link>https://demo.mageewp.com/onetone-pro-demo-cafe/?attachment_id=14</link>
		<pubDate>Mon, 30 Nov 2015 04:00:24 +0000</pubDate>
		<dc:creator><![CDATA[liuxiali]]></dc:creator>
		<guid isPermaLink="false">https://demo.mageewp.com/onetone-pro-demo-cafe/wp-content/uploads/sites/29/2015/11/slider_011.jpg</guid>
		<description></description>
		<content:encoded><![CDATA[]]></content:encoded>
		<excerpt:encoded><![CDATA[]]></excerpt:encoded>
		<wp:post_id>14</wp:post_id>
		<wp:post_date>2015-11-30 04:00:24</wp:post_date>
		<wp:post_date_gmt>2015-11-30 04:00:24</wp:post_date_gmt>
		<wp:comment_status>open</wp:comment_status>
		<wp:ping_status>closed</wp:ping_status>
		<wp:post_name>slider_01</wp:post_name>
		<wp:status>inherit</wp:status>
		<wp:post_parent>0</wp:post_parent>
		<wp:menu_order>0</wp:menu_order>
		<wp:post_type>attachment</wp:post_type>
		<wp:post_password></wp:post_password>
		<wp:is_sticky>0</wp:is_sticky>
		<wp:attachment_url>https://demo.mageewp.com/onetone-pro-demo-cafe/wp-content/uploads/sites/29/2015/11/slider_011.jpg</wp:attachment_url>
		<wp:postmeta>
			<wp:meta_key>_wp_attached_file</wp:meta_key>
			<wp:meta_value><![CDATA[2015/11/slider_011.jpg]]></wp:meta_value>
		</wp:postmeta>
		<wp:postmeta>
			<wp:meta_key>_wp_attachment_metadata</wp:meta_key>
			<wp:meta_value><![CDATA[a:5:{s:5:"width";i:771;s:6:"height";i:676;s:4:"file";s:22:"2015/11/slider_011.jpg";s:5:"sizes";a:2:{s:9:"thumbnail";a:4:{s:4:"file";s:22:"slider_011-150x150.jpg";s:5:"width";i:150;s:6:"height";i:150;s:9:"mime-type";s:10:"image/jpeg";}s:6:"medium";a:4:{s:4:"file";s:22:"slider_011-300x263.jpg";s:5:"width";i:300;s:6:"height";i:263;s:9:"mime-type";s:10:"image/jpeg";}}s:10:"image_meta";a:11:{s:8:"aperture";i:0;s:6:"credit";s:0:"";s:6:"camera";s:0:"";s:7:"caption";s:0:"";s:17:"created_timestamp";i:0;s:9:"copyright";s:0:"";s:12:"focal_length";i:0;s:3:"iso";i:0;s:13:"shutter_speed";i:0;s:5:"title";s:0:"";s:11:"orientation";i:0;}}]]></wp:meta_value>
		</wp:postmeta>
	</item>
	<item>
		<title>c1</title>
		<link>https://demo.mageewp.com/onetone-pro-demo-cafe/?attachment_id=15</link>
		<pubDate>Mon, 30 Nov 2015 06:36:49 +0000</pubDate>
		<dc:creator><![CDATA[liuxiali]]></dc:creator>
		<guid isPermaLink="false">https://demo.mageewp.com/onetone-pro-demo-cafe/wp-content/uploads/sites/29/2015/11/c11.jpg</guid>
		<description></description>
		<content:encoded><![CDATA[]]></content:encoded>
		<excerpt:encoded><![CDATA[]]></excerpt:encoded>
		<wp:post_id>15</wp:post_id>
		<wp:post_date>2015-11-30 06:36:49</wp:post_date>
		<wp:post_date_gmt>2015-11-30 06:36:49</wp:post_date_gmt>
		<wp:comment_status>open</wp:comment_status>
		<wp:ping_status>closed</wp:ping_status>
		<wp:post_name>c1</wp:post_name>
		<wp:status>inherit</wp:status>
		<wp:post_parent>0</wp:post_parent>
		<wp:menu_order>0</wp:menu_order>
		<wp:post_type>attachment</wp:post_type>
		<wp:post_password></wp:post_password>
		<wp:is_sticky>0</wp:is_sticky>
		<wp:attachment_url>https://demo.mageewp.com/onetone-pro-demo-cafe/wp-content/uploads/sites/29/2015/11/c11.jpg</wp:attachment_url>
		<wp:postmeta>
			<wp:meta_key>_wp_attached_file</wp:meta_key>
			<wp:meta_value><![CDATA[2015/11/c11.jpg]]></wp:meta_value>
		</wp:postmeta>
		<wp:postmeta>
			<wp:meta_key>_wp_attachment_metadata</wp:meta_key>
			<wp:meta_value><![CDATA[a:5:{s:5:"width";i:480;s:6:"height";i:410;s:4:"file";s:15:"2015/11/c11.jpg";s:5:"sizes";a:2:{s:9:"thumbnail";a:4:{s:4:"file";s:15:"c11-150x150.jpg";s:5:"width";i:150;s:6:"height";i:150;s:9:"mime-type";s:10:"image/jpeg";}s:6:"medium";a:4:{s:4:"file";s:15:"c11-300x256.jpg";s:5:"width";i:300;s:6:"height";i:256;s:9:"mime-type";s:10:"image/jpeg";}}s:10:"image_meta";a:11:{s:8:"aperture";i:0;s:6:"credit";s:0:"";s:6:"camera";s:0:"";s:7:"caption";s:0:"";s:17:"created_timestamp";i:0;s:9:"copyright";s:0:"";s:12:"focal_length";i:0;s:3:"iso";i:0;s:13:"shutter_speed";i:0;s:5:"title";s:0:"";s:11:"orientation";i:0;}}]]></wp:meta_value>
		</wp:postmeta>
	</item>
	<item>
		<title>c3</title>
		<link>https://demo.mageewp.com/onetone-pro-demo-cafe/?attachment_id=16</link>
		<pubDate>Mon, 30 Nov 2015 06:36:54 +0000</pubDate>
		<dc:creator><![CDATA[liuxiali]]></dc:creator>
		<guid isPermaLink="false">https://demo.mageewp.com/onetone-pro-demo-cafe/wp-content/uploads/sites/29/2015/11/c3.jpg</guid>
		<description></description>
		<content:encoded><![CDATA[]]></content:encoded>
		<excerpt:encoded><![CDATA[]]></excerpt:encoded>
		<wp:post_id>16</wp:post_id>
		<wp:post_date>2015-11-30 06:36:54</wp:post_date>
		<wp:post_date_gmt>2015-11-30 06:36:54</wp:post_date_gmt>
		<wp:comment_status>open</wp:comment_status>
		<wp:ping_status>closed</wp:ping_status>
		<wp:post_name>c3</wp:post_name>
		<wp:status>inherit</wp:status>
		<wp:post_parent>0</wp:post_parent>
		<wp:menu_order>0</wp:menu_order>
		<wp:post_type>attachment</wp:post_type>
		<wp:post_password></wp:post_password>
		<wp:is_sticky>0</wp:is_sticky>
		<wp:attachment_url>https://demo.mageewp.com/onetone-pro-demo-cafe/wp-content/uploads/sites/29/2015/11/c3.jpg</wp:attachment_url>
		<wp:postmeta>
			<wp:meta_key>_wp_attached_file</wp:meta_key>
			<wp:meta_value><![CDATA[2015/11/c3.jpg]]></wp:meta_value>
		</wp:postmeta>
		<wp:postmeta>
			<wp:meta_key>_wp_attachment_metadata</wp:meta_key>
			<wp:meta_value><![CDATA[a:5:{s:5:"width";i:480;s:6:"height";i:410;s:4:"file";s:14:"2015/11/c3.jpg";s:5:"sizes";a:2:{s:9:"thumbnail";a:4:{s:4:"file";s:14:"c3-150x150.jpg";s:5:"width";i:150;s:6:"height";i:150;s:9:"mime-type";s:10:"image/jpeg";}s:6:"medium";a:4:{s:4:"file";s:14:"c3-300x256.jpg";s:5:"width";i:300;s:6:"height";i:256;s:9:"mime-type";s:10:"image/jpeg";}}s:10:"image_meta";a:11:{s:8:"aperture";i:0;s:6:"credit";s:0:"";s:6:"camera";s:0:"";s:7:"caption";s:0:"";s:17:"created_timestamp";i:0;s:9:"copyright";s:0:"";s:12:"focal_length";i:0;s:3:"iso";i:0;s:13:"shutter_speed";i:0;s:5:"title";s:0:"";s:11:"orientation";i:0;}}]]></wp:meta_value>
		</wp:postmeta>
	</item>
	<item>
		<title>banner02</title>
		<link>https://demo.mageewp.com/onetone-pro-demo-cafe/?attachment_id=17</link>
		<pubDate>Mon, 30 Nov 2015 06:53:42 +0000</pubDate>
		<dc:creator><![CDATA[liuxiali]]></dc:creator>
		<guid isPermaLink="false">https://demo.mageewp.com/onetone-pro-demo-cafe/wp-content/uploads/sites/29/2015/11/banner021.jpg</guid>
		<description></description>
		<content:encoded><![CDATA[]]></content:encoded>
		<excerpt:encoded><![CDATA[]]></excerpt:encoded>
		<wp:post_id>17</wp:post_id>
		<wp:post_date>2015-11-30 06:53:42</wp:post_date>
		<wp:post_date_gmt>2015-11-30 06:53:42</wp:post_date_gmt>
		<wp:comment_status>open</wp:comment_status>
		<wp:ping_status>closed</wp:ping_status>
		<wp:post_name>banner02</wp:post_name>
		<wp:status>inherit</wp:status>
		<wp:post_parent>0</wp:post_parent>
		<wp:menu_order>0</wp:menu_order>
		<wp:post_type>attachment</wp:post_type>
		<wp:post_password></wp:post_password>
		<wp:is_sticky>0</wp:is_sticky>
		<wp:attachment_url>https://demo.mageewp.com/onetone-pro-demo-cafe/wp-content/uploads/sites/29/2015/11/banner021.jpg</wp:attachment_url>
		<wp:postmeta>
			<wp:meta_key>_wp_attached_file</wp:meta_key>
			<wp:meta_value><![CDATA[2015/11/banner021.jpg]]></wp:meta_value>
		</wp:postmeta>
		<wp:postmeta>
			<wp:meta_key>_wp_attachment_metadata</wp:meta_key>
			<wp:meta_value><![CDATA[a:5:{s:5:"width";i:1920;s:6:"height";i:1000;s:4:"file";s:21:"2015/11/banner021.jpg";s:5:"sizes";a:3:{s:9:"thumbnail";a:4:{s:4:"file";s:21:"banner021-150x150.jpg";s:5:"width";i:150;s:6:"height";i:150;s:9:"mime-type";s:10:"image/jpeg";}s:6:"medium";a:4:{s:4:"file";s:21:"banner021-300x156.jpg";s:5:"width";i:300;s:6:"height";i:156;s:9:"mime-type";s:10:"image/jpeg";}s:5:"large";a:4:{s:4:"file";s:22:"banner021-1024x533.jpg";s:5:"width";i:1024;s:6:"height";i:533;s:9:"mime-type";s:10:"image/jpeg";}}s:10:"image_meta";a:11:{s:8:"aperture";i:0;s:6:"credit";s:0:"";s:6:"camera";s:0:"";s:7:"caption";s:0:"";s:17:"created_timestamp";i:0;s:9:"copyright";s:0:"";s:12:"focal_length";i:0;s:3:"iso";i:0;s:13:"shutter_speed";i:0;s:5:"title";s:0:"";s:11:"orientation";i:0;}}]]></wp:meta_value>
		</wp:postmeta>
	</item>
	<item>
		<title>logo</title>
		<link>https://demo.mageewp.com/onetone-pro-demo-cafe/?attachment_id=18</link>
		<pubDate>Mon, 30 Nov 2015 07:42:16 +0000</pubDate>
		<dc:creator><![CDATA[liuxiali]]></dc:creator>
		<guid isPermaLink="false">https://demo.mageewp.com/onetone-pro-demo-cafe/wp-content/uploads/sites/29/2015/11/logo.png</guid>
		<description></description>
		<content:encoded><![CDATA[]]></content:encoded>
		<excerpt:encoded><![CDATA[]]></excerpt:encoded>
		<wp:post_id>18</wp:post_id>
		<wp:post_date>2015-11-30 07:42:16</wp:post_date>
		<wp:post_date_gmt>2015-11-30 07:42:16</wp:post_date_gmt>
		<wp:comment_status>open</wp:comment_status>
		<wp:ping_status>closed</wp:ping_status>
		<wp:post_name>logo</wp:post_name>
		<wp:status>inherit</wp:status>
		<wp:post_parent>0</wp:post_parent>
		<wp:menu_order>0</wp:menu_order>
		<wp:post_type>attachment</wp:post_type>
		<wp:post_password></wp:post_password>
		<wp:is_sticky>0</wp:is_sticky>
		<wp:attachment_url>https://demo.mageewp.com/onetone-pro-demo-cafe/wp-content/uploads/sites/29/2015/11/logo.png</wp:attachment_url>
		<wp:postmeta>
			<wp:meta_key>_wp_attached_file</wp:meta_key>
			<wp:meta_value><![CDATA[2015/11/logo.png]]></wp:meta_value>
		</wp:postmeta>
		<wp:postmeta>
			<wp:meta_key>_wp_attachment_metadata</wp:meta_key>
			<wp:meta_value><![CDATA[a:5:{s:5:"width";i:200;s:6:"height";i:70;s:4:"file";s:16:"2015/11/logo.png";s:5:"sizes";a:1:{s:9:"thumbnail";a:4:{s:4:"file";s:15:"logo-150x70.png";s:5:"width";i:150;s:6:"height";i:70;s:9:"mime-type";s:9:"image/png";}}s:10:"image_meta";a:11:{s:8:"aperture";i:0;s:6:"credit";s:0:"";s:6:"camera";s:0:"";s:7:"caption";s:0:"";s:17:"created_timestamp";i:0;s:9:"copyright";s:0:"";s:12:"focal_length";i:0;s:3:"iso";i:0;s:13:"shutter_speed";i:0;s:5:"title";s:0:"";s:11:"orientation";i:0;}}]]></wp:meta_value>
		</wp:postmeta>
	</item>
</channel>
</rss>
